sku_id,sku_name,before_discount,after_discount,category
P100134,akl-GFSU1265-M,347710.00,302470.00,"Women Fashion"
P100314,Surmawala_PEL-PRAS-2500-Refrigerator-Grey,1747830.00,1223452.00,Appliances
P100667,Progressive_9781742488103,8410.00,7192.00,Books
P100885,"Loreal_Revitalift Night Cream - 50 ml",79692.00,53360.00,"Beauty & Grooming"
P101081,HOS-m_PR1MM100,365400.00,277704.00,"Beauty & Grooming"
P101786,sputnik_4766/2-8,92800.00,60320.00,"Women Fashion"
P102648,LC_3349668532902,446600.00,330484.00,"Beauty & Grooming"
P102776,"RMSON_PA3251F MW WH",1420942.00,994642.00,"Men Fashion"
P102780,ALK_FC-13-17-A131140054,493000.00,350030.00,"Women Fashion"
P102799,stinnos_A118,156542.00,137750.00,"Kids & Baby"
P103718,"BParcel_DIGITAL to ANALOG-BLACK",115942.00,85782.00,Computing
P103962,"Infinix Hot 4 Hazir-Gold-Rawalpindi",730742.00,628430.00,"Mobiles & Tablets"
P104151,BP_PS31340,23142.00,14094.00,"School & Education"
P104316,nabila_Nvite-fair-skin,261000.00,227070.00,"Beauty & Grooming"
P104318,"Value Shop_Yellow-Fidget-Spinner",22040.00,16704.00,"Kids & Baby"
P105825,PNG_Pampers_10003450-Hazir,125280.00,81432.00,Superstore
P106653,yankee_5038580000771,148480.00,130616.00,"Home & Living"
P106821,SNU_NS16E2-07,690200.00,545258.00,"Women Fashion"
P107333,GA_CT-211-136128,377000.00,331760.00,"Women Fashion"
P107804,"aw_CONSTRUCTION FOAM-700ml",43790.00,28014.00,Others
P108199,smsm_370111,82940.00,62176.00,Superstore
P108274,PMA_9789810117269,43500.00,29580.00,"School & Education"
P108360,Zia_HS3,87000.00,55680.00,Books
P108938,RM_Sony-VPL-EW235,5104000.00,4134240.00,Entertainment
P109167,Bparcel_8460P,120002.00,85144.00,Computing
P109313,"lalqila_Chicken Karahi-550gm",33060.00,22794.00,Superstore
P109705,Zia_EN14,34800.00,26100.00,Books
P110320,stinnos_A040,67280.00,53824.00,"Kids & Baby"
P110552,fitn_2730442,348000.00,229680.00,"Health & Sports"
P110969,"Relaxer_LSP 01 A-Green",342200.00,246384.00,"Home & Living"
P111337,fitn_810390023974,203000.00,129920.00,"Health & Sports"
P111456,Tmall_MM-DR-MK,115942.00,84622.00,"Home & Living"
P112319,"R&I_Generator 2.5KVG",2047400.00,1842660.00,Appliances
P112525,"Fmate_Daal Maash",12702.00,9222.00,Superstore
P113237,Samsung_49inchesK5300,5103942.00,3930022.00,Entertainment
P113266,qzs_27360-Large,52142.00,44312.00,Others
P113318,Senorita_KAK-739-SGN-22,70760.00,52316.00,"Kids & Baby"
P113376,liberty_9781445448015,34510.00,24128.00,Books
P113625,PlanetX_PX-9001,243600.00,199752.00,"Kids & Baby"
P113726,USwinter_US-WGO-5-5-6Y,162400.00,131544.00,"Kids & Baby"
P113788,redspot_9789696230243,26100.00,22156.00,"School & Education"
P113963,"BB_Black Artificial Leather Lounger",243600.00,182700.00,"Home & Living"
P114044,BP_PS17548,17342.00,11078.00,"School & Education"
P114375,AKL_A01136177-AW-18-Purple,232000.00,153120.00,"Women Fashion"
P114419,"cr_MUZAFTI IRANI (500GM)",10730.00,9396.00,Soghaat
P114549,how_Zeppelin-41,284200.00,198940.00,"Men Fashion"
P114901,"SCIFI_Spider Man_SC4540SPD",230260.00,158862.00,"School & Education"
P115324,"cr_PISTA PLAIN-500 GM",84100.00,59682.00,Soghaat
P115658,Timex_TW000Q808,347942.00,278342.00,"Women Fashion"
P115727,sinbo_3467,497640.00,393124.00,Appliances
P115955,timex_T2N700,976720.00,771574.00,"Men Fashion"
P117410,PlanetX_PX-9280,127542.00,89262.00,"Kids & Baby"
P117695,Charizma_CV-17,241280.00,214716.00,"Women Fashion"
P118269,Edukaan_201560,88102.00,63394.00,"Kids & Baby"
P118382,"Edenrobe_EGTFS17-0687-9-10 Years",69600.00,45936.00,"Kids & Baby"
P118617,"Tmall_BFCombo 2_Yoya Mat & Skipping rope-Green",75342.00,63278.00,"Health & Sports"
P118859,"centrix_Scootify - Red Self Balancing Scooter",985942.00,640842.00,"Kids & Baby"
P118952,BP_TO21406,36250.00,21750.00,"Kids & Baby"
P118967,"Infinix Hot Note X551-1GB-Gold-Nationwide Delivery",730800.00,657720.00,Appliances
P118969,cc_Huawei-Mate-9-Brown,3624942.00,2682442.00,"Mobiles & Tablets"
P119010,naushemian_0010-M,243600.00,202188.00,"Men Fashion"
P119011,"Ref_James-B 1146-Black -40",214310.00,145696.00,"Men Fashion"
P119057,"WD_WD - MP - 1TB",383670.00,249342.00,Computing
P119266,"iPhone7Plus-Matte Black-32GB",5949466.00,3926600.00,"Mobiles & Tablets"
P119281,PBG_D-1033,86942.00,55622.00,"Home & Living"
P119854,Nimcos_Spicy-Potato-Sticks-180gm,6960.00,5394.00,Soghaat
P119880,"huawei_Mate 9-mocjha brown",3891800.00,2335080.00,"Mobiles & Tablets"
P120192,RUB_Kemei_KM-27c,89900.00,62002.00,"Beauty & Grooming"
P120552,JBS_TAT-224,227070.00,172550.00,"Home & Living"
P120586,"RBC_Glimpses of Quaid-e-Azam",17400.00,14442.00,Books
P120746,"SNU_ ze16e2 364004 ",231710.00,199230.00,"Women Fashion"
P121025,timex_T2P041,689330.00,544562.00,"Men Fashion"
P121110,"Trans_LW 35-3-6 Month",77720.00,59798.00,"Kids & Baby"
P121144,GA_GT-01-141173,202420.00,178118.00,"Women Fashion"
P121640,sinbo_7320,150800.00,102544.00,Appliances
P121796,MEGUIAR_G12711,147552.00,128354.00,Others
P122059,redspot_9789696230182,27260.00,23954.00,"School & Education"
P122071,RAJESH_RAJ205,121800.00,73080.00,"Home & Living"
P122630,USwinter_US-WGT-1-9-10Y,69542.00,59102.00,"Kids & Baby"
P122683,"Samsung Galaxy S6 Edge (32GB) SM-G925F Gold",3422000.00,3045580.00,"Mobiles & Tablets"
P122707,PMA_9789810191412,146450.00,90770.00,"School & Education"
P122842,Tmall_EM-TMX09,200100.00,178060.00,"Kids & Baby"
P122980,"regal_0635-C-Fawn Multicolour -10",139200.00,90480.00,"Women Fashion"
P123682,"RT-02-RED-Double Duvet Cover Sheet Set-4 pcs",123250.00,96106.00,"Home & Living"
P124587,AKL_A131130512_SS-164_Grey,186122.00,126556.00,"Women Fashion"
P124794,"Ref_K2 1161 Olive-44",185310.00,161182.00,"Men Fashion"
P125242,dawlance_DW5200,799240.00,639392.00,Appliances
P125701,LS_8961100500154,48720.00,33118.00,Others
P125789,lenovo_20EV000HUE,6414800.00,4618656.00,Computing
P126143,"MORG_GCS 22",852600.00,528612.00,"Health & Sports"
P126290,Sony_48W652D,4760640.00,3475244.00,Entertainment
P126964,RCP_RCPA-5PoloPC-Y-XL,144942.00,126092.00,"Men Fashion"
P126994,MEGUIAR_G15812EU,118030.00,81432.00,Others
P127173,"Aladdin_Pair of Gold Star Rubber Coated Metal Dumbells - 2KG - S",72500.00,54346.00,"Health & Sports"
P127381,SMSM_7622300489922,69020.00,56550.00,Superstore
P127774,"BP_GA33224-2-3 Years",69542.00,61886.00,"Kids & Baby"
P128276,Fidato_537-904-W-40,406000.00,324800.00,"Men Fashion"
P128365,stripyinterior_90002,156542.00,120524.00,"Home & Living"
P128377,"GA_AJRAK T-200 - 114664",101500.00,75110.00,"Home & Living"
P129115,Jaza_2Premium5kg+FOC,99302.38,75458.00,Superstore
P130102,"vitamin_Ultra Gainer",87000.00,75690.00,"Health & Sports"
P130155,"MORG_GCS 26",756900.00,454140.00,"Health & Sports"
P130180,"RB_Household Bundle",57942.00,34742.00,Superstore
P130690,liberty_9780755334513,46110.00,32712.00,Books
P130754,"Aladdin_Non-Slip Yoga Mat - Blue",104342.00,87638.00,"Health & Sports"
P131066,PNG_Pampers_10004048-Hazir,89842.00,67338.00,Superstore
P131222,test-product2,232.00,116.00,Others
P131231,Zia_TK4,18850.00,15080.00,Books
P131358,fitn_810390024742,192850.00,140766.00,"Health & Sports"
P131747,Sigma_3131,51968.00,39962.00,"Health & Sports"
P131795,Zia_AD6,6380.00,5336.00,Books
P131987,haier_HSU-18LK-E8,2591440.00,1580732.00,Appliances
P132321,SKMT_Medicine,5800.00,3654.00,Others
P132718,Samsung_Galaxy_S8_Plus_Gray,5626000.00,4219500.00,"Mobiles & Tablets"
P133080,"Herbo Natural_30",407160.00,293132.00,"Health & Sports"
P133089,Bata_8816275-Black-40,185542.00,133574.00,"Men Fashion"
P133789,babyw_CH-11,116000.00,100920.00,"Kids & Baby"
P133888,Samsung_49K5300,4985332.00,3090878.00,Entertainment
P133996,RM_Panasonic-TH-49D310M,4060000.00,3369800.00,Entertainment
P134165,Atiqa_mega-sale-box-set,579942.00,394342.00,"Beauty & Grooming"
P134557,Sigma_55367,243600.00,168084.00,"Health & Sports"
P134657,A4-Tech_7200N,137750.00,83984.00,Computing
P135284,Gloria_1072A,173420.00,143898.00,"Women Fashion"
P135808,"Zuk Z1-White-Karachi",58.00,0.00,"Mobiles & Tablets"
P135836,liberty_9780330512459,40310.00,25752.00,Books
P135979,nutrifactor_NF0017,115420.00,96918.00,"Health & Sports"
P136050,Zia_QT6A,185600.00,115072.00,Books
P136138,"BMS_Grey Elastic Pant-8 - 9 yrs - Size 32",30160.00,20474.00,"School & Education"
P136346,SIR_DMS16,43210.00,37120.00,Superstore
P136796,"nabila_NTICE FOR Almond",261000.00,161820.00,"Beauty & Grooming"
P136965,Samsung_48inchesK5000,4117942.00,3335522.00,Entertainment
P137745,AlMuhafizMultaniSohanHalwa_Pista_2kg,58000.00,51040.00,Soghaat
P137838,"Naushemian_#0031-Orange -L",2436000.00,1948800.00,"Women Fashion"
P137983,"HP_Laser Color 277n (4-in-1)",2323944.00,1440836.00,Computing
P138131,"ajwa_Ajwa Dates Powder",52200.00,39150.00,"Health & Sports"
P138166,PlanetX_PX-9166,103240.00,83578.00,"Kids & Baby"
P138186,"Topline_Priciples of Commerce",9280.00,5626.00,"School & Education"
P138368,"Relaxer_LSP 02 A-Blue",342200.00,208742.00,"Home & Living"
P138741,PNG_Pampers_10003452-Hazir,125280.00,97672.00,Superstore
P139004,Ego_E02436-BK0-Black-LRG,246442.00,179858.00,"Women Fashion"
P139238,"cr_CASHEW NUT ROASTED-200 GM",21750.00,15428.00,Soghaat
P139241,timex_TW000X107,156542.00,125222.00,"Men Fashion"
P139554,babyw_toy$4,45240.00,31204.00,"Kids & Baby"
P139556,"iu_Tickets General Enclosure-Islamabad",5800.00,5220.00,Others
P139709,WT-70H3200-MG,1508000.00,965120.00,Appliances
P139750,"Haier_HSU-18HZE-R2-DB DC Inverter",4292000.00,3519440.00,Others
P139810,"Bundle 3 smsm_bundle03",197142.00,157702.00,Superstore
P139995,Aladdin_snap_grip_wrenches,104342.00,75110.00,"Home & Living"
P140025,Kenwood_KDC-1214,3050800.00,2288100.00,Appliances
P140292,s_tv_KLV-32R302C,1913942.00,1339742.00,Entertainment
P140312,"stoner_91381 A",50750.00,45646.00,Others
P140542,SanaSafinaz_SS-2A,403100.00,342606.00,"Women Fashion"
P140624,Al-Muhafiz-Sohan-Halwa-Almond-Pack-of-2,53360.00,42688.00,Soghaat
P140828,timex_T49963,368880.00,295104.00,"Men Fashion"
P141051,Rajesh_RAJ014,69600.00,51504.00,"Kids & Baby"
P141587,barico_BS017-,56550.00,50286.00,"School & Education"
P141714,"vitamin_Ultra Creatine",49300.00,35496.00,"Health & Sports"
P141718,"royal_Magnum Bracket 18"",272600.00,209902.00,Appliances
P142308,Telemall_MM-PC-0009,231942.00,204102.00,"Health & Sports"
P142315,AKL_A131130488_SS-31_Peach,109504.00,78822.00,"Women Fashion"
P143153,interwood_HA-K17W105-23575,602040.00,463536.00,"Home & Living"
P143395,liberty_9780600618850,34510.00,27608.00,Books
P143824,oxford_9780195979602,24360.00,16298.00,"School & Education"
P143931,"corio_JC 53-45",377000.00,233740.00,"Men Fashion"
P144022,bogo_Lahore,57942.00,42862.00,Others
P144828,SFEVER_HU379HB0845HGNAFAMZ,289942.00,229042.00,"Beauty & Grooming"
P145469,JBS_WEN-012,78300.00,51678.00,"Home & Living"
P145810,babyw_rompers$44,95700.00,60262.00,"Kids & Baby"
P145849,"Q Mobile M-200",287100.00,175102.00,Others
P145911,PlanetX_SS-9020,63800.00,44022.00,"Kids & Baby"
P146068,J&J_JJCN-023,86710.00,70180.00,"Kids & Baby"
P146139,"plk_PD/ 988 873_60",3069360.00,2332702.00,"Men Fashion"
P146262,"aw_Radiator Flush-300ml ",34800.00,24012.00,Others
P146818,sinbo_3325,478500.00,358846.00,Appliances
P146844,redspot_9789696230090,27260.00,16356.00,"School & Education"
P146984,"tcl_ 24 inch D2720 HD Ready LED TV",919300.00,671060.00,Entertainment
P147289,"sanasafinaz_march16_2A-Nationwide Delivery",301600.00,199056.00,"Women Fashion"
P147689,Zia_TF3,23200.00,18560.00,Books
P147937,HOS_CH212W100,325380.00,286288.00,"Beauty & Grooming"
P147997,liberty_9780545377614,34510.00,24476.00,Books
P148077,"Dynasty_Shan-e-Mughal (Latha)-Navy",162400.00,129920.00,"Men Fashion"
P148209,Timex_A500,173942.00,153062.00,"Men Fashion"
P148379,Paramount_9789694949963,37410.00,31030.00,Books
P148635,"SMART_Light Green Shirt Half Sleeves-5 - 6.5 yrs - Size 22",29000.00,24360.00,"School & Education"
P148962,"edukaan_7071-A4 - 6 Subjects",17400.00,13746.00,"School & Education"
P149491,smsm_371107,53070.00,32364.00,Superstore
P149702,GA_EA-12-144988,463420.00,393878.00,"Women Fashion"
P149741,BO_Nicer-Dicer-Plus-Green,46400.00,31088.00,"Home & Living"
P150120,"StPat_Belt Pant_14 - 15 yrs-Size 40/36",38280.00,32538.00,"School & Education"
P150168,Ego_E02406-BK0-Black-MDM,246442.00,174928.00,"Women Fashion"
P150433,Paramount_9780857200747,80910.00,50924.00,Books
P151006,"dawlance_ES15 1.0 Ton AC",1588620.00,1064358.00,Appliances
P151149,"aw_CONSTRUCTION FOAM-500ml",40600.00,30450.00,Others
P151175,progressive_9781445420028,11310.00,10150.00,Books
P151403,redspot_9789810477189,31900.00,26796.00,"School & Education"
P151672,emart_0-28,52142.00,46400.00,"Home & Living"
P151867,"GMZV_Microsoft GTA V - Xbox One",266800.00,234784.00,Entertainment
P151972,Relaxsit_RS-58,145000.00,102950.00,"Home & Living"
P151994,PlanetX_PX-9079,110200.00,92568.00,"Kids & Baby"
P152281,BO_Guitar-Pktoy-Wooden,80620.00,69310.00,"Kids & Baby"
P152412,"Cosmo_Proactiv Solution",319000.00,239250.00,"Beauty & Grooming"
P152508,"GMZV_Ubisoft Assassin Creed Syndicate - PS4",122090.00,75690.00,Entertainment
P152703,SNU_ME16E-2A,463710.00,366328.00,"Women Fashion"
P152985,UnzeLondon_GS4354-8,115942.00,95062.00,"Men Fashion"
P153186,"STBB_Selections from english verse 1st & 2nd Year by D.Y.MORGAN",2088.00,1508.00,"School & Education"
P153488,AKL_A131137868-SS-06-17,377000.00,245050.00,"Women Fashion"
P153743,Eglo_3890,232000.00,204160.00,"Home & Living"
P153922,"plk_FWI/ 928 911_30",1967360.00,1770624.00,"School & Education"
P154058,oxford_9780199400270,8700.00,7308.00,Books
P154158,Campingaz_205584,986000.00,759220.00,"Home & Living"
P154811,"madela_ DISPOSABLE BRA PADS",52780.00,31668.00,"Kids & Baby"
P155072,akl_A132124674_GFSU1137-M,283214.00,252010.00,"Women Fashion"
P155251,GA_FE-50-141225,497118.00,372824.00,"Women Fashion"
P155434,"rebelz_Joy Joy 6 Subjects Notebook",23200.00,18792.00,"School & Education"
P156208,zubairco_003569,55100.00,33582.00,"School & Education"
P156884,samsung_40J5100,3334942.00,2634592.00,Entertainment
P158272,Edge-wc_ED-WC-011,319000.00,204160.00,"Men Fashion"
P158384,"sindbad_Sindbad Gift Card-1",58000.00,41180.00,Others
P158718,Butt_Pista-Multani-Halwa,29000.00,23490.00,Soghaat
P158959,"HP_CP 551dn",5312568.00,3506274.00,Computing
P159796,"Homage_Cream White Water Dispenser with Refrigerator Cabinet - H",725000.00,442250.00,Appliances
P160003,"Audionic X-BOOM 5 White",88450.00,68962.00,Computing
P160647,liberty_9780753828182,51910.00,37874.00,Books
P160695,Surmawala_Haier-HSU-12HN-Air-Conditioner-White,2551942.00,1888422.00,Appliances
P161287,barico_BS001-Large,126150.00,112230.00,"School & Education"
P161861,redspot_9789696230151,23200.00,13920.00,"School & Education"
P162071,"greenroot_Premature Grey Oil ",116000.00,87000.00,"Beauty & Grooming"
P162270,"Naushemian_#0029-Pstachio Green-M",3770000.00,3317600.00,"Women Fashion"
P162328,"american_tourister Feherlite Spinner  66Black",681500.00,490680.00,"Men Fashion"
P162593,"Al Muhafiz Sohan Halwa Cashew",33060.00,20126.00,Soghaat
P162756,timex_T2P398,1612400.00,1225424.00,"Women Fashion"
P162958,RM_Sony-KDL-50W800C,6351000.00,5144310.00,Entertainment
P163157,Tmall_MM-DR-SPSB,86942.00,69542.00,"Beauty & Grooming"
P163740,Atlas_AT-1500-180W,579942.00,521942.00,Appliances
P164624,"edukaan_7156-A4 - 6 Subjects",17400.00,12006.00,"School & Education"
P164775,timex_T49988,424560.00,280198.00,"Men Fashion"
P164789,USwinter_US-WGD-4-3T,92742.00,76966.00,"Kids & Baby"
P164925,"head_273074-UK 9",521420.00,427518.00,"Men Fashion"
P165479,A4-Tech_Keyboard-Mouse-Wireless-3100N,107648.00,65656.00,Computing
P165743,Swatch_YOS413,1247522.00,998006.00,"Men Fashion"
P165857,audionic6-954217-562568,28420.00,24998.00,Computing
P165913,paramount_9789606981470,26100.00,23490.00,"School & Education"
P166018,audionic_6954217689999,336400.00,279212.00,Entertainment
P166285,"plk_FWI/ 947 929_48",4020560.00,2693752.00,"Men Fashion"
P166364,oxford_9780195979947,63510.00,52664.00,"School & Education"
P166403,"SCIFI_SC39805-Sci-Fi ",22910.00,19894.00,"School & Education"
P166596,US-MSK-13-3T,46342.00,40310.00,"Kids & Baby"
P167095,Dany_Masti-12,899000.00,611320.00,Computing
P167621,"Gmart_Fenix 3 HR 1",3857000.00,3278450.00,"Health & Sports"
P168052,iPhone7Plus-Red-256GB,6487648.00,5125228.00,"Mobiles & Tablets"
P168663,interwood_HA-R-REO-39997,2403520.00,1490136.00,"Home & Living"
P169446,Zia_FM12,19140.00,13746.00,Books
P169619,liberty_9781409387060,28710.00,24070.00,Books
P170099,"AT-early education wood card abc",52490.00,47212.00,"Kids & Baby"
P170108,Noble_Nobel-32-Inch-Black,979620.00,695478.00,Entertainment
P170303,emart_0-16,57942.00,44022.00,Others
P171477,Saloni_BOSSC,58000.00,49300.00,"Beauty & Grooming"
P171657,MEGUIAR_G18211,184440.00,130906.00,Others
P172095,KI_2174SAKBC,153120.00,124004.00,"Home & Living"
P172346,edukaan_200957,99006.00,64322.00,"Kids & Baby"
P172406,"majestic_Sage Green 15 Pieces Cookware",326250.00,287100.00,"Home & Living"
P172630,JBS_CRY-046,172550.00,117334.00,"Home & Living"
P173123,"ag_nixor-Navy Blue Belt Pants for Class XI-XII-15 - 16 yrs-44 (2",49126.00,36308.00,"School & Education"
P173440,JBS_hcd-HON-020,449500.00,328106.00,"Home & Living"
P173908,"UNEL_Kenwood eInspire  1.5Ton",2618700.00,1597378.00,Appliances
P174167,Bata_3514467-PU-Brown-12,11600.00,8584.00,"School & Education"
P174232,"RS_Sohan Halwa_Tin-1000 GM",34800.00,26796.00,Soghaat
P174246,PC_SCHL-FLT-003-6-7,3770.00,2958.00,"School & Education"
P175191,sehgalmotors_51492,96570.00,63684.00,Superstore
P175257,SMSM_270303,10266.00,7656.00,Superstore
P175293,sehgalmotors_6777,77256.00,53302.00,Superstore
P175844,liberty_9788130920184,11310.00,8120.00,Books
P176225,PlanetX_PX-9137,127600.00,111012.00,"Kids & Baby"
P176270,GA_PM-162-136199,351306.00,231826.00,"Women Fashion"
P176485,Kenwood_KDC-1213,2911600.00,2038120.00,Appliances
P176539,redspot_9789810550127,56840.00,49416.00,"School & Education"
P176799,Paramount_9781107657823,96552.60,71398.00,"School & Education"
P177109,"Changhong Ruba 40 Inches D4000i Smart LED",2604200.00,1562520.00,Entertainment
P177278,seagate_STDR2000300-2TB,568400.00,409248.00,Computing
P177815,Kenwood_KDC-1814,3787400.00,3105668.00,Appliances
P177940,"Royal_Energy saver Fan 56 New Model",226200.00,162864.00,Appliances
P178030,Xpert_XDW-60-1W,4466000.00,3706780.00,Appliances
P178123,"Ref_Track 2063-Brown-41",191110.00,170056.00,"Men Fashion"
P178217,PMA_9789810190965,144710.00,86826.00,"School & Education"
P178407,Timex_TW000X602,394400.00,260304.00,"Women Fashion"
P178536,Sigma_52210,156600.00,129978.00,"Health & Sports"
P178697,liberty_9781101881651,75110.00,50286.00,"School & Education"
P179304,"BO_Rectangular Sea Pool",58000.00,35380.00,Others
P179348,"VPN_VPN 103H",150800.00,108576.00,"Health & Sports"
P179835,sehgalmotors_295924,64380.00,46980.00,Superstore
P180184,cc_Samsung_Galaxy_S8_Plus_Black,5434600.00,4456372.00,"Mobiles & Tablets"
P180374,JT_W-27,237800.00,178350.00,"Men Fashion"
P180847,"orient_13af4 1ton-CS",2841942.00,2301962.00,Appliances
P181349,"madinah_Pine nut (Chilgoza)",46400.00,38048.00,Soghaat
P181485,lamart_LMZ043,107822.00,76502.00,"Home & Living"
P181645,JBS_IFAM-032,0.00,0.00,Others
P181682,test-product-new,58.00,0.00,Others
P182103,Honda_BikeCD70-Red,3683000.00,3167380.00,Superstore
P182150,P&P_MPEUIJ78985,11542.00,8758.00,Books
P182780,HAIER_HSU-12HNH,2851280.00,2195474.00,Appliances
P182858,Trendz_TR-0012,95700.00,80388.00,Computing
P183544,yankee_5038580061895,117450.00,93960.00,"Home & Living"
P183926,"Jaza_Elite 1kg",11542.00,9686.00,Superstore
P183937,Rajesh_RAJ0387,66990.00,42862.00,Others
P184059,Relaxsit_RS-59,182700.00,149814.00,"Home & Living"
P184089,Audionic_B-710,78300.00,52432.00,Computing
P184427,mm_AG-9031,587540.00,522870.00,Appliances
P184688,J&J_JJ-045,63510.00,39962.00,"Kids & Baby"
P184758,interwood_HA-R-QRION-39998,2837360.00,2099600.00,"Home & Living"
P185032,coleman_3000002276,783000.00,696870.00,"Home & Living"
P185039,DR_DRPC001A-11,132530.00,106024.00,"Men Fashion"
P185040,"seagate_SG E-1TB",377638.00,332282.00,Computing
P185337,Mardaz_3green-Multicolor-XL,55042.00,46226.00,"Men Fashion"
P185390,"Turk & Fillmore_Super Natural II-40",1885000.00,1583400.00,"Men Fashion"
P185890,"BO_Pack of 6 - Non-Stick Cooking Utensils - Black",87000.00,70470.00,Others
P186555,stinnos_776,90480.00,66004.00,"Kids & Baby"
P186925,Gloria_1607,287100.00,212454.00,"Women Fashion"
P187673,stoner_95160,123250.00,87464.00,Others
P187817,stinnos_A115,66642.00,43964.00,"Kids & Baby"
P187921,Paramount_9789696370178,34510.00,25520.00,Books
P188145,tucano_IPD7AN-BK,156020.00,115420.00,Others
P188418,Progressive_9781922152183,5742.00,4814.00,Books
P188488,"b&d_Food Processor & Factory F710",667000.00,506920.00,Appliances
P189264,"SCIFI_Disney Music_SC510VMP",25810.00,16762.00,"School & Education"
P189598,Gshop_GS-J31,40600.00,24360.00,"Kids & Baby"
P189686,Rajesh_RAJ017,63220.00,48662.00,"School & Education"
P191421,"dwm_Masculine K2H27126 ",2650600.00,1775902.00,"Men Fashion"
P191938,PlanetX_PX-9125,42050.00,27724.00,"Kids & Baby"
P192241,TCL_TCL32InchD2900,1256570.00,1068070.00,Entertainment
P192415,"Samsung_S7 Edge-Black",4336080.00,2818452.00,"Mobiles & Tablets"
P194039,"sanasafinaz_march16_1A-Nationwide Delivery",271614.00,165648.00,"Women Fashion"
P194155,Bahr-e-Shifa,0.00,0.00,Books
P194342,GA_PM-167-136202,435000.00,304500.00,"Women Fashion"
P194372,"hijabh_JILBAB-C-756 (1)-56x",458200.00,339068.00,"Women Fashion"
P194795,"RS_Plain Rusk",3190.00,2610.00,Soghaat
P194864,"TBG_AV-M-048-Ruby ",845640.00,693390.00,"Women Fashion"
P195130,Sapphire_US0678,434420.00,334486.00,"Women Fashion"
P196053,Delsey_384182100,918952.00,698378.00,"Home & Living"
P196625,"AU_GD071-1 Year",237220.00,154164.00,"Kids & Baby"
P196668,Needles_FBD-4108,150800.00,122148.00,"Women Fashion"
P196930,Timex_TWEG15005,301600.00,256360.00,"Men Fashion"
P197055,SCIFI_SC22002PBL-Pucca,2610.00,1856.00,"School & Education"
P197154,"samsungGALAXY NOTE-5 LTE 32GB",4176000.00,2589120.00,"Mobiles & Tablets"
P197519,RS_Nimcolia-5pack,24070.00,14442.00,Soghaat
P197609,"Truck Art Watering can",249400.00,202014.00,"Home & Living"
P197821,PNG_Pampers_10003451-Hazir,125280.00,77662.00,Superstore
P197825,liberty_9781471164934,69310.00,45704.00,Books
P197854,"HP_ 15-AB202TX _clear",3113208.00,2023562.00,Computing
P198082,BO_Guitar-Pktoy-Pink,80620.00,59624.00,"Kids & Baby"
P198243,"tr_Ginseng Raw Honey Tea 440 g",220400.00,189544.00,Soghaat
P198252,Singhar_NC-0012,231942.00,194822.00,"Women Fashion"
P198352,Ar_KN034-S,220400.00,147668.00,"Men Fashion"
P198356,Bparcel_85W-SAFE2,232000.00,155440.00,Computing
P198782,"apple_MACMINI 2.3GHZ DUAL CORE i5",5162000.00,4181220.00,Computing
P198900,Bata_Bfirst-4216008-35-2,57942.00,41122.00,"School & Education"
P198953,"NDF_Pista Salty 500gm",48952.00,35728.00,Soghaat
P199227,emart_0-33,74182.00,60030.00,"Home & Living"
P199375,lala_USS17-SLC-001B-1000188799871,89900.00,59334.00,"Women Fashion"
P199555,asimjofaeanew_5A,324626.00,249922.00,"Women Fashion"
P200099,"Al Muhafiz Multani Sohan Halwa Ticky Pack",26680.00,19430.00,Soghaat
P200668,"Eaget_Silver 16GB OTG USB",57942.00,41702.00,Computing
P200699,"plk_DWI/ 952 069_71",203580.00,154686.00,"School & Education"
P201233,Carson_CB-02-002-43-9,284142.00,235828.00,"Men Fashion"
P201274,"Omega_Omega_17Pcs Non-Stick Cookware Set",342200.00,246384.00,"Home & Living"
P201285,redspot_9789810517397,58000.00,47560.00,"School & Education"
P201461,"HP_ 15-AC110TU Ã‚Â ",3695760.00,3141396.00,Computing
P202743,"Loomes_LK-029 Turquoise blue-S",156542.00,98600.00,"Men Fashion"
P202781,"nabila_NGELIC FOR IVORY",400200.00,288144.00,"Beauty & Grooming"
P203051,"BO_Hippo figured Child Seat",57420.00,34452.00,Others
P203151,"West Point_Wf-6260",73544.00,66178.00,"Beauty & Grooming"
P203217,Paramount_9781444175349,202710.00,166170.00,"School & Education"
P203524,Toyworld_TW-213,365342.00,288608.00,"Kids & Baby"
P203618,asimjofaeanew_5B,115942.00,95062.00,"Women Fashion"
P203898,interwood_HF-15LCRS-A-39655,3004400.00,2463608.00,"Home & Living"
P204422,uni_FoodPanda,87406.00,58522.00,Superstore
P204602,BBS_M008,533020.00,405072.00,"Kids & Baby"
P204937,Fantastic_FT-1115,63394.00,37990.00,Superstore
P205822,"HP_ 15-AC107TU _clear",2609362.00,2139620.00,Computing
P205993,emart_Dessini-Kitchen-Double-Grill-Pressure-Pan,165300.00,135546.00,"Home & Living"
P205994,Silkasia_ET-457,754000.00,505180.00,"Women Fashion"
P206181,Timex_T2P383,276080.00,234668.00,"Men Fashion"
P206280,huawei_Mate-9-Black,3891800.00,3152358.00,"Mobiles & Tablets"
P206488,"RS_Karachi Halwa Tin",16820.00,11252.00,Soghaat
P206548,"Telemall_BFCombo 4_Hot belt & Skipping rope",36482.00,30972.00,"Health & Sports"
P206599,"Ricoh_Photo Copier MP2014AD",5442140.00,4516924.00,Entertainment
P206839,rute2_6060,87000.00,54810.00,"Health & Sports"
P206865,"Edifier_Head phone K680",146160.00,125686.00,Computing
P207426,"shahi_Pack of 3 Shahi Chewra ",14790.00,9454.00,Soghaat
P207479,redspot_9789810517359,63800.00,40194.00,"School & Education"
P207734,BO_Piano-1,57420.00,50518.00,"Kids & Baby"
P208095,Haier_HSU-24LKE,3741000.00,2656110.00,Appliances
P208207,LS_815096000274,44950.00,30566.00,Superstore
P208294,Transcend_TS16GJF820G,81142.00,54346.00,Computing
P208328,GA_PM-171-136206,464000.00,399040.00,"Women Fashion"
P208527,dawlance_DWT-150C,1614140.00,1371990.00,Appliances
P208528,"aw_ENGINE DEGREASER-15 oz.",20590.00,12354.00,Others
P209077,"PucaM_Avis -Navy Blue -41",185600.00,142912.00,"Men Fashion"
P209243,GA_FE-42-141217,492420.00,364356.00,"Women Fashion"
P209422,"Infinix Hot 4-Black-1",730742.00,643046.00,"Mobiles & Tablets"
P210130,RAJESH_RAJ184,111940.00,98484.00,"Health & Sports"
P210137,HOS_ELWMW100,579420.00,440336.00,"Beauty & Grooming"
P210375,RM_Panasonic-TH-40D310M,2051344.00,1764128.00,Entertainment
P210596,seagate_STDR4000300-4TB,1044000.00,699480.00,Computing
P211418,"Susu Unta Camel Milk Powder 20 sachet",116000.00,71920.00,"Health & Sports"
P212275,"Aladdin_Vision 10000 - Tape Bat - Beige",166750.00,125048.00,"Health & Sports"
P212781,"GS_R041-12-18 M",86710.00,60668.00,"Kids & Baby"
P213060,"phub_Allure Homme Sport  by Chanel 100ml  EDT ",728248.00,502454.00,"Beauty & Grooming"
P213100,nutrifactor_NF003,40020.00,24766.00,"Health & Sports"
P213157,Xpert_XGEO.70.1B,2494000.00,2045080.00,Appliances
P213255,"greenroot_Organic Honey (500 ml)",87000.00,59160.00,Soghaat
P213473,sehgalmotors_69835,193140.00,117798.00,Superstore
P213930,stinnos_957,98600.00,70992.00,"Kids & Baby"
P213998,asimjofaeid_AJL-1A,353568.00,212106.00,"Women Fashion"
P214036,"vitamin_Melatonin Sleep Formula",29580.00,24824.00,"Health & Sports"
P214180,emart_0-32,34742.00,25694.00,"Home & Living"
P214490,MoosaE_SR004,162400.00,128296.00,"Home & Living"
P214880,emart_0-76,81142.00,68962.00,"Home & Living"
P215115,ME_3-in-1-Special-Multani-Sohan-Halwa-1kg,54404.00,36424.00,Soghaat
P215223,Fantastic_FT-1117,86710.00,53708.00,Superstore
P215611,sanasafinaz_SS-2B,403100.00,342606.00,"Women Fashion"
P215868,Samsung_40J5200,3564680.00,3029978.00,Entertainment
P216296,BHA_K.E-14000,1059776.00,678252.00,Appliances
P216427,ALK_FC-14-17-A131140055,493000.00,389470.00,"Women Fashion"
P216553,"HP_ 15-AB204TU ",4196880.00,2643988.00,Computing
P216993,Topline_Economics,9860.00,8236.00,"School & Education"
P217083,Haier_HRF-382,2945704.00,2503802.00,Appliances
P217372,Aladdin_water_hose_pipe,133400.00,109388.00,"Home & Living"
P218218,redspot_9789696230113,24940.00,16414.00,"School & Education"
P218603,Geepas_GK6862,362500.00,315346.00,Appliances
P218664,"itter_AB 1281",150800.00,111592.00,"Beauty & Grooming"
P219650,Timex_TW2P80800,549840.00,494856.00,"Women Fashion"
P221133,"Baklawa_Cake Rusk Per Pack 330g",11600.00,6960.00,Soghaat
P221302,Zia_ST8,304500.00,216166.00,Books
P221815,Bparcel_85W-SAFE1,205900.00,150278.00,Computing
P221875,"dawlance_Microwave Oven MD-7 - 20 litres",351190.00,263378.00,Appliances
P221984,"R&I_eInverter Series 18000BTU",3763910.00,3048712.00,Appliances
P222416,HOS-m_VEREFM100,246500.00,182410.00,"Beauty & Grooming"
P222724,MEGUIAR_G6107EU,103298.00,88798.00,Others
P222813,"Laitalio_Black Bruno Footmark-42",333500.00,253460.00,"Men Fashion"
P222999,"aw_Auto Airco Cleaner Fresh Scent-150ml ",42688.00,30682.00,Others
P223863,clickbuscollection_nwc-30,53360.00,37874.00,Others
P223966,PBG_D-1041,86942.00,56492.00,"Home & Living"
P224384,"ISn 100% Whey Protein Vanilla",130500.00,84796.00,"Health & Sports"
P224439,AKL_A133119105-HCFT028-Double,130210.00,100224.00,"Home & Living"
P224644,"Baklawa_Bird s Nest Pistachio-1Kg",116000.00,102080.00,Soghaat
P225262,"un_Green Tea Bundle_GT",14790.00,12992.00,Superstore
P225319,liberty_9780446540759,80910.00,62292.00,Books
P225569,"kkc_Areej King Air Freshener",8352.00,5974.00,"School & Education"
P225723,BO_rack-e-5x3,185600.00,159616.00,"Home & Living"
P225759,Samsung_60KS8000,19168942.00,12459792.00,Entertainment
P226235,palwasha_SKU011,406000.00,251720.00,"Women Fashion"
P226594,UnzeLondon_CS11302-7,46110.00,34568.00,"Kids & Baby"
P226599,GSW_PG-9025-Bluetooth,124700.00,107242.00,Entertainment
P227752,Sapphire_US0413,342200.00,253228.00,"Women Fashion"
P227866,fitn_631656708554,247950.00,220632.00,"Health & Sports"
P228611,GMZV_Black-4-1TB-Horizon-Zero-Dawn-Bundle,2441800.00,1684842.00,Entertainment
P228863,"hijabh_JILBAB-C (1)-56",287100.00,203812.00,"Women Fashion"
P229136,samsung_G935F-Gold,3770000.00,2676700.00,"Mobiles & Tablets"
P229579,GA_PM-168-136203,464000.00,361920.00,"Women Fashion"
P229955,HP_15AY-15-Ay072NIA-ci3,2265625.00,1631250.00,Computing
P230156,Bparcel_BPS35,194648.00,161530.00,Computing
P230159,"Julbo_ J4002014",376420.00,225852.00,"Men Fashion"
P230358,cc_samsung_a320-Gold,1861800.00,1414968.00,"Mobiles & Tablets"
P230438,Bata_Power-8386002-44-10,115942.00,88102.00,"Men Fashion"
P231100,"tr_Pure Natural Longan Honey 350 gm",33350.00,25636.00,Soghaat
P231554,AKL_A131128762_SS-22_Ferozi,186122.00,122786.00,"Women Fashion"
P232333,"MDF 003_Pistachios Plain 250 gm",40310.00,35032.00,Soghaat
P233456,"aw_Complete Fuel System Cleaner-12oz./354ml ",68440.00,60204.00,Others
P233771,Paramount_9781444112696,40310.00,27376.00,"School & Education"
P234062,AKL_A01136167-AW-05-Maroon,282750.00,206364.00,"Women Fashion"
P234177,ISN_Bundle,261000.00,190530.00,"Health & Sports"
P235070,Charizma_CWB1,432100.00,263552.00,"Women Fashion"
P235292,"RS_Nan Khatai",12760.00,9918.00,Soghaat
P235446,liberty_9781423601883,89900.00,57536.00,Books
P235473,mdeal_DMC-265-11,58000.00,34800.00,"Men Fashion"
P235780,"Apple iPad Mini 3 Wifi 128GB-Space Grey",4349942.00,3914942.00,Computing
P236487,"Samsung_Samsung NX300 Mirrorless - Brown",2401200.00,2041020.00,Entertainment
P236490,"QMobile Noir Z10",957000.00,612480.00,"Mobiles & Tablets"
P236525,"SMART_Light Green Kameez 3/4-16 yrs - above - Size 44",40020.00,35206.00,"School & Education"
P236558,Yiboo-UJ801,263320.00,229042.00,"Kids & Baby"
P236646,"Nvite for Fair Skin No Makeup Face Perfecting Palette",400200.00,256128.00,"Beauty & Grooming"
P237215,ALK_FC-16-17-A131140057,551000.00,352640.00,"Women Fashion"
P238203,"SCIFI_SC4520TNE-Ben 10 ",150510.00,124874.00,"School & Education"
P238247,Geepas_GRF-6012,1624000.00,1234240.00,Appliances
P238790,"Braun_Citrus Juicer MPZ9 ",252300.00,196794.00,Appliances
P239399,Honda_BikeCD70-Black,3683000.00,3130550.00,Superstore
P239597,AKL_A131133495_MS-04_Purple,311750.00,243136.00,"Women Fashion"
P239830,"Nurai-MD-1818-3-4 yrs",147900.00,119770.00,"Kids & Baby"
P240010,Timex_T49925,376304.00,233276.00,"Men Fashion"
P240431,PNG_Pampers_10003447-Hazir,66120.00,44254.00,Superstore
P240605,lenovo_80J2021CUE,2479790.00,2083012.00,Computing
P241288,Genius_DX-7010-Red,39730.00,24592.00,Computing
P241542,Samsung_40K5000,2809520.00,1854260.00,Entertainment
P242143,emart_00-7,40542.00,24708.00,"Home & Living"
P242563,Tmall_MM-H-20122,173942.00,104342.00,"Beauty & Grooming"
P242798,"smo_30 Pieces Oranges - 5kg",26970.00,17748.00,Superstore
P243089,Sapphire_US0432,98600.00,60146.00,"Women Fashion"
P243136,stinnos_1825,80330.00,57014.00,"Kids & Baby"
P243305,"vitamin_Ultra Force",72500.00,50750.00,"Health & Sports"
P243932,Paramount_9789696370758,14500.00,12586.00,"School & Education"
P244416,"samsungGALAXY J3 LTE DS QC",1101942.00,958682.00,"Mobiles & Tablets"
P244817,B_power_8082293-41,173942.00,140882.00,"Men Fashion"
P245015,"Eco Star_40U557",1764186.00,1464268.00,Entertainment
P245258,emart_0-42,62002.00,54520.00,"Beauty & Grooming"
P245350,"Dawlance 9144 WB GD HZONE PLUS ",2157600.00,1553472.00,Appliances
P245738,"Rajesh_Beard & Moustache Hair Trimmer",42340.00,31320.00,"Beauty & Grooming"
P245834,"dawlance_Health Zone Plus 30 - 1.5 Ton Air Conditioner",2032900.00,1423030.00,Appliances
P245851,"CITY_Pajama-15 yrs - above - Size 44 ",31320.00,24708.00,"School & Education"
P246022,Progressive_9788131909027,5800.00,4350.00,Books
P246213,PlanetX_AG-9050,43500.00,31726.00,"Kids & Baby"
P246268,"iPhone 5s 16gb+Getiit Joy Band_bundle",2261942.00,1877402.00,Computing
P246442,"StPat_Belt Pant_13 - 14 yrs-Size 40/36",38280.00,33640.00,"School & Education"
P246984,"zubairco_Schneider Xpress Pointersschneider xpress Pink",12470.00,10846.00,"School & Education"
P247190,Ahan_wod0524,208800.00,150336.00,"Home & Living"
P247862,PlanetX_PX-9162,107300.00,70818.00,"Kids & Baby"
P247963,"Victorinox_  HUNSTMAN RED",176900.00,114956.00,"Men Fashion"
P248304,HOS_CNN5W100,1061400.00,636840.00,"Beauty & Grooming"
P249284,"Baklawa_Ashe Bul Bul Chocolate -1Kg",81200.00,60088.00,Soghaat
P249932,Relaxsit_RS-47,139200.00,98832.00,"Home & Living"
P250019,gracill_GRC-7-43,500250.00,360180.00,"Men Fashion"
P250166,"Edenrobe_BTKS-17-3432-4-5 Years",113332.00,77024.00,"Kids & Baby"
P251175,Saylani_School-Fee-Per-Month-One-Child,58000.00,38280.00,Others
P251714,hijabh_Jilbab-BC-872-56x,521710.00,365168.00,"Women Fashion"
P252396,LS_8411356775894,98310.00,66816.00,Superstore
P252423,Z&A_ZEES-0097,473280.00,317086.00,"Beauty & Grooming"
P252431,"SCIFI_SC39815-SCI-Fi ",22910.00,17400.00,"School & Education"
P253053,Sigma_4544,113100.00,68962.00,"Health & Sports"
P253081,JBS_CRY-019,377000.00,327990.00,"Home & Living"
P253170,MoosaE_CT002,213440.00,174986.00,"Home & Living"
P253188,"GMZV_SONY-MICHAEL JACKSON-THE EXPERIENCE PS3",57942.00,44602.00,Entertainment
P253358,Jaza_2Elite5kg+FOC,116116.00,90538.00,Superstore
P253776,PNG_Pampers_10003446-Hazir,52142.00,40658.00,Superstore
P253922,GC_GCS046,2871000.00,2124540.00,Superstore
P254865,Q&Q_Q602J402Y,174000.00,104400.00,"Men Fashion"
P255190,LC_7640111505631,284200.00,181888.00,"Beauty & Grooming"
P255546,sehgalmotors_295121,64380.00,55332.00,Superstore
P255913,AYS_32B8500-32-Inches,1130130.00,949286.00,Entertainment
P256163,"MOA_Dark Grey Uniform Belt Pants-Size L 42 - W 32",40600.00,28014.00,"School & Education"
P256641,GA_SS-135-136179,322016.00,244702.00,"Women Fashion"
P257000,"TMS_Pink Kameez Half Sleeves-13 - 15 yrs - Size 40",33640.00,27550.00,"School & Education"
P258090,interwood_HA-A023-38566,154860.00,92916.00,"Home & Living"
P258155,Campingaz_2000024956,754000.00,535340.00,"Home & Living"
P258191,MEGUIAR_G1001EU,88508.00,64554.00,Others
P258482,UC_orange-L,37700.00,26390.00,Others
P258737,"Rajesh_Doremon Bubble Toy",29580.00,17748.00,"Kids & Baby"
P259018,Rajesh_RAJ036,17110.00,11774.00,Others
P259500,Relaxsit_RS-56,145000.00,102950.00,"Home & Living"
P259514,Motifz_1668-CHOCLATE,185020.00,160950.00,"Women Fashion"
P259978,Gshop_D35,261000.00,221850.00,"Home & Living"
P260048,"samsungGALAXY S-7 EDGE 32GB Black",4336080.00,3035256.00,"Mobiles & Tablets"
P260175,PNG_Pampers_10004046-Hazir,96280.00,61596.00,Superstore
P261079,"Apple iPhone 6S 128GB-Gold",6321942.00,4109242.00,Computing
P261308,Paramount_9789814147934,37410.00,26912.00,Books
P261639,rhythm_G1107S-01,463942.00,315462.00,"Men Fashion"
P262095,itter_AB1241,45240.00,39324.00,"Beauty & Grooming"
P262133,"SUPER ASIA_GH 106-SUPER SAVER SERIES 6 LITERS",342490.00,232870.00,Appliances
P262191,ajmery_TH281FA1JKAGONAFAMZ-36,110780.00,83056.00,"Men Fashion"
P262382,samsung_galaxy-s7-edge-pearl-black,5510000.00,3801900.00,"Mobiles & Tablets"
P263108,"dawlance_LVS 30 18000BTU",2118160.00,1630960.00,Appliances
P263754,"ISNs 100% Whey Protein Chocolate",145000.00,121800.00,"Health & Sports"
P263965,stinnos_568,30218.00,19894.00,"Kids & Baby"
P264156,PNG_Pampers_10003596-Karachi,58.00,0.00,Superstore
P264265,Assetboys_MD-1332-6-7Y,97440.00,72094.00,"Kids & Baby"
P264277,SNU_Su16c-3B-Green,101500.00,66990.00,"Women Fashion"
P264591,HOS-m_CKOM100,146160.00,106662.00,"Beauty & Grooming"
P264635,"Aladdin_Kids Scooty - Multicolor",110142.00,99122.00,"Kids & Baby"
P264924,Dell_Inspiron-15-5567-ci5,3806250.00,3006894.00,Computing
P265329,Trendz_TR-0050,98600.00,75922.00,"Health & Sports"
P265639,AKL_A131131293_FC-12,550420.00,401766.00,"Women Fashion"
P266281,"greenroot_Organic Honey (250 ml)",43500.00,27840.00,Soghaat
P266291,"Fidato Ankle High Boot 309-872-45",435000.00,291450.00,"Men Fashion"
P266974,GA_FE-25-141203,463420.00,356816.00,"Women Fashion"
P267000,smsm_220124,9860.00,7250.00,Superstore
P267185,PlanetX_PX-9347,28942.00,17342.00,"Kids & Baby"
P267363,"GFC_Bracket Myga Metal (Special Guard) 24"",290000.00,220400.00,Appliances
P267479,"tr_Pure Natural Raw Wild Honey 440 g.",95700.00,62176.00,Soghaat
P267733,CUR_CUD-69,86942.00,66932.00,"Men Fashion"
P268690,BHA_K.E-8000,800110.00,672046.00,Appliances
P269194,J&J_JJCC-017C,109910.00,71398.00,"Kids & Baby"
P270477,MEGUIAR_X2020EU,73776.00,57536.00,Others
P270878,Paramount_9781910561324,119828.00,77836.00,Books
P270938,"Tmall_DiaCure Plus",162342.00,120118.00,"Health & Sports"
P271202,"RB_Mortein Killer Sale-bf",40600.00,36134.00,Superstore
P272076,Rajesh_RAJ008,40020.00,24360.00,Others
P272094,s_tv_KLV-40R352C,3107060.00,2112766.00,Entertainment
P272318,"PGC_White and Blue Pin Striped Girls-13 - 14 yrs - Size 38",42050.00,34858.00,"School & Education"
P272463,"WD_2 BAY NAS WD-16TB",1653000.00,1272810.00,Computing
P272466,Aladdin_068-BO_MOTOR-2019,75980.00,50112.00,"Kids & Baby"
P272485,"phub_One Million  by Paco Rabanne 100ml  EDT ",452400.00,339300.00,"Beauty & Grooming"
P272667,Gloria_1602,229680.00,156136.00,"Women Fashion"
P272965,3m_DC272923871,29000.00,22620.00,Superstore
P273006,AKL_A131135334-FW-29-Brown,290000.00,188500.00,"Women Fashion"
P273480,liberty_9780008100995,49300.00,37468.00,Books
P273714,"Huawei G8 Gold LW",1783442.00,1159188.00,"Mobiles & Tablets"
P273865,"Jaza_Basmati 1kg",8120.00,4930.00,Superstore
P274235,"Kansai_Auto Acrylic Clear Gloss",41470.00,33582.00,Others
P274768,"RS_Plain Rusk Pack of 3",9570.00,6090.00,Soghaat
P274860,FISH_CA025,37700.00,30914.00,"Kids & Baby"
P274909,Trendz_TR-0035,55100.00,48488.00,"Kids & Baby"
P275061,liberty_9780545549042,28710.00,24360.00,Books
P275179,tmx_wtch_T28201,437900.00,385352.00,"Men Fashion"
P275609,Paramount_9789694949277,22910.00,17864.00,Books
P275902,"MDF 001_Almonds (American) 250 gm",20880.00,18328.00,Soghaat
P276191,"Life source_BE-660",202942.00,148132.00,"Health & Sports"
P276689,sigma_11932,104110.00,68672.00,"Health & Sports"
P277058,"Apple iPhone 6S Plus 16GB",5596942.00,4365602.00,"Mobiles & Tablets"
P277478,"cr_PUMPKIN SEEDS LARGE",12760.00,9280.00,Soghaat
P277486,"samsung_K6000 49  ",5150922.00,3760140.00,Entertainment
P277750,"dawlance_Toscana15 INVERTER 1.0 Ton AC",3625000.00,2900000.00,Appliances
P278158,PlanetX_PX-9020,36250.00,26100.00,"Kids & Baby"
P278178,Xenium_PWZ-20166,110200.00,79344.00,Others
P278234,"Baklawa_Baklava Mix-1Kg",69600.00,51504.00,Soghaat
P278903,liberty_9780241957110,57710.00,49590.00,Books
P279055,emart_0-37,74240.00,45240.00,Others
P279098,B-power_8286332-44,231942.00,187862.00,"Men Fashion"
P279242,"Audionic Vision 9",284200.00,187572.00,Computing
P279357,GA_PM-173-136208,464000.00,283040.00,"Women Fashion"
P279529,"GFC_Ceiling V.I.P",208800.00,156600.00,Appliances
P279731,AYS_Split-Haier-12LNA,2088000.00,1816560.00,Appliances
P279742,"SUPER ASIA_SA WCS 65-ELECTRIC WATER COOLER STEEL BODY (65 GALLON",1894686.00,1269388.00,Appliances
P279933,BP_PS03940-Pink,20242.00,15370.00,"School & Education"
P280100,CA_shirt-Small,5742.00,4118.00,"Men Fashion"
P280656,L&S_meh023,72500.00,57246.00,"Home & Living"
P280671,sanasafinaz_SS_6B,403100.00,314418.00,"Women Fashion"
P280917,AYS_PEL-PRGD-130-Glass-Door-250,2300860.00,1679622.00,Appliances
P281278,"plk_FWI/ 987 594_50",3714900.00,2377536.00,"School & Education"
P282256,BBS_M007,290000.00,211700.00,"Kids & Baby"
P282392,"Ref_Top man 1114-black-43",231710.00,203870.00,"Men Fashion"
P282451,Xenium_PFF-2016140,57942.00,38222.00,"Beauty & Grooming"
P282765,s_tv_KDL-43W800C,5530880.00,3926890.00,Entertainment
P282908,"Accu-Chek Active System ",195750.00,152656.00,"Health & Sports"
P283167,HP_Scanner-M225dw,2233000.00,1496110.00,Computing
P283439,AKL_A131128828_SS-102_Brown,189950.00,148132.00,"Women Fashion"
P283634,BP_PS03940-Green,20242.00,14558.00,"School & Education"
P284073,Trendz-TR-0385,87000.00,56550.00,"Kids & Baby"
P284283,Electrolux_SEA2499,3578716.00,2827152.00,Appliances
P284951,"sanasafinaz_march16_13A-Nationwide Delivery",312446.00,199926.00,"Women Fashion"
P285257,"GA_REGAL EMPEROR T-300 - 106010",130500.00,112230.00,"Home & Living"
P285305,Z&A_ZEES-0045,43500.00,27840.00,"Beauty & Grooming"
P285635,PucaM_COOPER-BLACK-42,185600.00,144768.00,"Men Fashion"
P285804,GA_PM-201-137348,635100.00,400084.00,"Women Fashion"
P285854,GBHII_GM191-Brown-Brown-8,133400.00,85376.00,"Men Fashion"
P285945,Telemall_MM-PC-0003,192850.00,169708.00,"Health & Sports"
P285962,"GMZV_Xbox 360 Ultra Slim - 4GB -Unmodified - Black",968542.00,610160.00,Entertainment
P286058,"aw_CN-1029-Heather Grey, Royal Blue, Red-M",63742.00,57362.00,"Men Fashion"
P286419,Casio_EFR-549SG-1AVUDF,974400.00,633360.00,"Men Fashion"
P286681,liberty_9780143417361,31900.00,24882.00,Books
P286786,"GMZV_Sony GTA V - PS4",224170.00,152424.00,Entertainment
P287016,"itter_AB 1122",46400.00,31088.00,"Beauty & Grooming"
P287260,timex_T2P232,596240.00,512720.00,"Women Fashion"
P288016,sanasafinaz_SS-9B,379900.00,254504.00,"Women Fashion"
P288030,vitamin_265,57420.00,49938.00,Others
P289041,"Audionic_Mehfil MH-150",1218000.00,864780.00,Entertainment
P289415,Tmall_ASA327,1971942.00,1498662.00,"Health & Sports"
P289460,MEGUIAR_G17748,88508.00,77836.00,Others
P289599,GA_AS-03-136185,319000.00,213730.00,"Women Fashion"
P289866,"phub_L eau D issey  by Issey Miyake 100ml EDT",374100.00,284316.00,"Beauty & Grooming"
P290209,GMZV_Switch-Console-with-2-Games,4487402.00,3904038.00,Entertainment
P290807,"TLC_TAC-18CHS/KEI 1.5 ton",3848300.00,2809230.00,Appliances
P291020,Relaxsit_RS-53,139200.00,98832.00,"Home & Living"
P291178,BBS_M002,304500.00,182700.00,"Kids & Baby"
P291272,"Baklawa_Baklava Cashew-1Kg",69600.00,46632.00,Soghaat
P291571,Audionic_6-954217-510248,61480.00,54694.00,Others
P291889,iPhone7-Red-128GB,5142280.00,4216658.00,"Mobiles & Tablets"
P292265,"MORG_GCS 25",841000.00,630750.00,"Health & Sports"
P292328,bata_bags_9056403-Black,197142.00,130094.00,"Women Fashion"
P293009,AYS_A-C-KDC-1804S2,3647562.00,2918038.00,Appliances
P293298,Paramount_9781107673397,161298.00,127368.00,"School & Education"
P293705,SIR_WR450,26042.00,18734.00,Superstore
P293781,Rubian_20-S,60900.00,52954.00,"Men Fashion"
P293860,"Life source_LS-5001",120640.00,100108.00,"Health & Sports"
P293870,"phub_Chance Eau Tendre  by Chanel 150mlml EDT",1102348.00,925970.00,"Beauty & Grooming"
P294896,babyw_toy$9,21750.00,17574.00,"Kids & Baby"
P294920,test-product-01,348.00,290.00,Others
P295127,GA_CL-230-B-136065,203000.00,178640.00,"Women Fashion"
P295167,"aw_Custom Shield Clear-14oz./413.7",124120.00,93090.00,Others
P296243,oppo_f3-plus-Gold,2894142.00,1910114.00,"Mobiles & Tablets"
P297170,"Relaxer_HND 01-Yellow",179800.00,149234.00,"Home & Living"
P297640,sony_SLT-A58Y,4408000.00,3306000.00,Entertainment
P297754,audionic6-954217-566450,548100.00,361746.00,Entertainment
P298075,"ajwa_Ajwa Seeds Powder",52200.00,35496.00,"Health & Sports"
P298116,dany_6954217098630,118900.00,103414.00,Computing
P298297,"Baklawa_Asawar Almond-1Kg",69600.00,43848.00,Soghaat
P298557,"kcc_glamour deal",18560.00,11658.00,"Beauty & Grooming"
P298754,Zia_EN11,84100.00,59682.00,Books
P298813,Haier_HRF-342,2784348.00,2143912.00,Appliances
P298843,sukoonbundle-sukoon10-cj_CJPOISL,4065220.00,2642364.00,Others
P298920,liberty_9780349000152,46110.00,35032.00,Books
P299124,Samsung_32J4003,1657060.00,994236.00,Entertainment
P299813,AYS_Gree-12cith2,3109322.00,1927746.00,Appliances
P300808,"sanasafinaz_march16_6B-Nationwide Delivery",271614.00,211816.00,"Women Fashion"
P300869,"GA_Charcoal T-150 - 133584",149292.00,91060.00,"Home & Living"
P301156,progressive_9780857809940,23200.00,13920.00,Books
P301191,HP_Monitor-V193,633360.00,481342.00,Computing
P301216,interwood_HA-R-AGRA-39999,2403520.00,1922816.00,"Home & Living"
P301313,Dany51234689524515284934,9860.00,6380.00,Computing
P301836,"Fmate_Chicken Biryani (Boneless)",14442.00,8932.00,Superstore
P302016,"HP_Officejet 7612 A3 (4-in-1) Wieless",1387940.00,985420.00,Computing
P302251,Nova_NLJ-1001,507500.00,456750.00,"Men Fashion"
P302311,ihijab_CN017,46342.00,41702.00,"Women Fashion"
P303031,"phub_Quorum ",121800.00,98658.00,"Beauty & Grooming"
P303096,"Samsung_Samsung NX30ZZ Smart Camera (Black)",2281140.00,2053026.00,Entertainment
P303119,Trendz-TR-0337,37120.00,24824.00,"Kids & Baby"
P303489,KureshiC_046-kemei,121742.00,83984.00,"Beauty & Grooming"
P303627,paramount_9789696371465,20416.00,17922.00,"School & Education"
P303694,stinnos_1323,38512.00,29232.00,"Kids & Baby"
P303710,HOS-W_VSBSIBEDP100,522000.00,433260.00,"Beauty & Grooming"
P303831,UnzeLondon_GS5419-10,115942.00,93902.00,"Men Fashion"
P304173,Rajesh_RAJ53,84680.00,65192.00,"Home & Living"
P304302,liberty_9780521186315,60900.00,47502.00,"School & Education"
P304481,timex_T2N695,329440.00,256940.00,"Men Fashion"
P304553,JBS_TAT-241,225620.00,191748.00,"Home & Living"
P304734,"prime_T11-GR Black-XL",231942.00,160022.00,"Men Fashion"
P304991,"samsung_J5 Prime-Gold",1450000.00,942500.00,"Mobiles & Tablets"
P305199,RM_Panasonic-K18PKF,5342090.00,4059942.00,Appliances
P305622,sstop_airvent_mobile_holder,19140.00,14326.00,Others
P306870,"Changhong Ruba_32 Inches Black HD Ready LED TV - 32E3600",1160000.00,928000.00,Entertainment
P307223,Timex_T49990,411104.00,283620.00,"Men Fashion"
P307535,"liberty_Navy Blue Pullover for Boys-16 yrs - above - Size 42",49880.00,35380.00,"School & Education"
P307738,GO-Girl_694810,869942.00,765542.00,"Women Fashion"
P308235,trzwus_76111120200000_WN16-07(B),109620.00,92046.00,"Women Fashion"
P308596,Fantastic_FT-27,89610.00,71688.00,"Health & Sports"
P309024,"Atalian _BK17.01-Black-45",231710.00,139026.00,"Men Fashion"
P309716,Tmall_MM_Sonex_Cookware_Set,289942.00,240642.00,"Home & Living"
P310205,"Fmate_Coconut Halwa",16182.00,12412.00,Superstore
P311129,"GMZV_PS4 VR Headset Bundle",4017370.00,3213896.00,Entertainment
P311180,"stitchers_TnT 012-L",115942.00,74182.00,"Men Fashion"
P311532,FT_FT-BT-G-01-30,116000.00,102080.00,"Kids & Baby"
P312577,JBS_EUR-153,240700.00,199752.00,"Home & Living"
P312717,"hijabh_0120-BC-759 (1)-54",493000.00,354960.00,"Women Fashion"
P312809,AYS_Split-Orient-19k7,3595942.00,3020582.00,Appliances
P313043,"phub_Fahrenheit ",730800.00,504252.00,"Beauty & Grooming"
P313084,"Topline_Rashid Minhas",5800.00,4988.00,Books
P313303,IDROID_BALRX7-Gold,550942.00,484822.00,"Mobiles & Tablets"
P314147,Tommy_1791102,1096142.00,953636.00,"Men Fashion"
P314259,Audionic_B-880,79750.00,64554.00,Computing
P314652,"Mac Mini 2.8GHz",7540000.00,5956600.00,Computing
P314809,UG_WP3,32712.00,19952.00,"School & Education"
P314978,"R&I_Generator 5KVG",3663280.00,3077132.00,Appliances
P315456,"BParcel_EASY CAP 4 PORT-BLACK",104400.00,86652.00,Computing
P315685,sputnik_8073/14-11,690200.00,579768.00,"Men Fashion"
P315784,ISN_Concentrated-Chocolate-2lbs,290000.00,174000.00,"Health & Sports"
P316002,Relaxsit_RS-63,214600.00,175972.00,"Home & Living"
P316076,"samsung_SUHD TVÃ‚Â  KS 8000 60"",19168942.00,14376692.00,Entertainment
P316230,xenium_RFC-20164,92800.00,68672.00,"Home & Living"
P316760,"col qadri_Sentinels In The Sky",87000.00,55680.00,Books
P316948,Haier_HSU-18LK-E10BL,2591440.00,2176798.00,Appliances
P317054,stinnos_Winfun0804,276660.00,193662.00,"Kids & Baby"
P317437,MEGUIAR_G12718,147552.00,107706.00,Others
P317610,PlanetX_PO-9043,81200.00,51156.00,"Kids & Baby"
P317755,Zia_MT20,11600.00,8700.00,Books
P317851,"adenwala_Deal No.5",69600.00,54288.00,Superstore
P318655,Nimcos_Salty-Potato-Sticks-180gm,6960.00,5742.00,Soghaat
P318683,J&J_JJ-024,150800.00,126672.00,"Kids & Baby"
P318881,SNU_IM17C08,490100.00,347942.00,"Women Fashion"
P318963,LALA_VTE-02,237742.00,202072.00,"Women Fashion"
P319066,"PucaM_FLYNET NAVY-42",185600.00,144768.00,"Men Fashion"
P319315,"head_273406-UK 10",417020.00,346086.00,"Men Fashion"
P319549,SNU_Es16e2-09,635100.00,552508.00,"Women Fashion"
P320550,sheraton_FMOTORS_01,159500.00,97266.00,"Health & Sports"
P321023,"CITY_White Shirt Full Sleeves Prep to X-6.5 - 8 yrs - Size 24",41760.00,37120.00,"School & Education"
P321633,"adenwala_Deal No.4",116000.00,88160.00,Superstore
P322129,fitn_800450,452400.00,321204.00,"Health & Sports"
P322230,JBS_lrd-001,130500.00,91350.00,"Home & Living"
P323119,"peekaboo_Batman-Black-4 Yrs",46342.00,38918.00,"Kids & Baby"
P323280,how_DRAKE-44,319000.00,210540.00,"Men Fashion"
P323430,babyw_toy$7,41760.00,28768.00,"Kids & Baby"
P323454,"Eco Star_43U558",1973160.00,1736346.00,Entertainment
P323833,"Al Muhafiz Sohan Halwa Walnut",29580.00,20996.00,Soghaat
P323853,Lenovo_80QB005UUE,2978010.00,1905880.00,Computing
P323971,Zia_AW6,8700.00,7482.00,Books
P324294,"sanasafinaz_march16_7A-Nationwide Delivery",391500.00,274050.00,"Women Fashion"
P324617,"Vouch 365 2016",144942.00,99992.00,Others
P324711,BB_bundle_bf,43500.00,29986.00,Superstore
P324903,Rajesh_RAJ012,58000.00,36540.00,"Home & Living"
P325520,babyw_754,116000.00,85840.00,"Kids & Baby"
P326167,PNG_Pampers_10003449-Hazir,125280.00,83926.00,Superstore
P326257,Dawlance_bundle_DWEK-8229_clear,184440.00,154918.00,Others
P326260,"Laitalio_Tan Edward Footmark-44",333500.00,226780.00,"Men Fashion"
P326272,sanasafinaz_SS-11A,379900.00,319116.00,"Women Fashion"
P326506,emart_0-23,86942.00,53882.00,"Home & Living"
P327504,IKEA_10072256,3596000.00,2732960.00,"Home & Living"
P328069,"CITY_White Frock Half Sleeves-5 - 6.5 yrs - Size 28",40020.00,29986.00,"School & Education"
P328629,"Topline_Understanding Times Tables",2900.00,1856.00,Books
P328639,Zia_101DA,34800.00,22272.00,Books
P329247,"dynasty_Kattan Full Suit-Blue",231710.00,189950.00,"Men Fashion"
P329329,"KC_88 brown-M",196620.00,117972.00,"Men Fashion"
P329412,Dawlance_Inverter30Toscana,4332600.00,3812688.00,Appliances
P330414,timex_T2P449,382742.00,275558.00,"Men Fashion"
P330457,swi_MXP10,1392.00,870.00,"School & Education"
P330495,ISN_Concentrated-Chocolate,290000.00,217500.00,"Health & Sports"
P330547,liberty_9781846684470,80910.00,61480.00,Books
P330997,"head_273026-UK 10",640900.00,551174.00,"Men Fashion"
P332483,Hawks_A1-Brown_44,216920.00,153990.00,"Men Fashion"
P333128,"unze_GS5632 -Brown-6",405710.00,263668.00,"Men Fashion"
P333900,HP_i3-7100U,2784000.00,1698240.00,Computing
P334155,tucano_BLABK-B,220922.00,185542.00,Computing
P334177,"Infinix Note 3-2GB-Nationwide-Grey",1078742.00,927710.00,"Mobiles & Tablets"
P334698,"MHS_Oxford-Bed Sheet - [Size] Double",440800.00,317376.00,"Home & Living"
P336081,Rajesh_RAJ52,55970.00,37468.00,"Home & Living"
P336160,"MHS_Flannel Check-Red-Bed Sheet - [Size] Double",92220.00,78358.00,"Home & Living"
P337369,Kashmina_KSH-WO-NC1-JD-P1,287100.00,189486.00,"Women Fashion"
P337767,JBS_TAT-126,150336.00,114202.00,"Home & Living"
P338156,GA_FE-67-141242,400200.00,356178.00,"Women Fashion"
P338176,sanasafinaz_SS-5A,403100.00,362790.00,"Women Fashion"
P339240,"rubian_Ultra-Slim Bluetooth Keyboard",115942.00,81142.00,Computing
P339575,Tmall_SpyPen_4GB,92742.00,55622.00,"School & Education"
P340271,"CITY_White Frock Half Sleeves-6.5 - 8 yrs - Size 30",40600.00,32480.00,"School & Education"
P340301,"Audionic X-BOOM 5 Black",102138.00,87812.00,Computing
P340929,"BO_Teddy Bear - Yellow & White",69600.00,59856.00,"Kids & Baby"
P341007,ajmery_HQT906-Pink--,78300.00,60262.00,"Beauty & Grooming"
P341170,seagate_STEA1500400-1.5TB,432100.00,345680.00,Computing
P341447,"Turk & Fillmore_Super Natural II-44",1885000.00,1621100.00,"Men Fashion"
P342252,"cr_PAN MASALA ( SWEET)-500 GM",14848.00,11426.00,Soghaat
P343031,BB_Hygienic-Home-Bundle,23490.00,15718.00,Superstore
P343074,nutrifactor_NF0025,174000.00,128760.00,"Health & Sports"
P343188,alrafa_Sughai-Dates-400g,41180.00,27144.00,Soghaat
P343443,fitn_820103309653,278400.00,228288.00,"Health & Sports"
P343851,"Qmobile B65",92220.00,81142.00,"Health & Sports"
P343951,palwasha_SKU027,2610000.00,1722600.00,"Women Fashion"
P344214,Z&A_ZEES-0269,37352.00,26100.00,"Kids & Baby"
P344716,Baklawa_Dhoda-1Kg,58000.00,48140.00,Soghaat
P345015,audionic_Shock-2,44950.00,31900.00,Others
P345530,interwood_HA-GBO111001-23598,167040.00,101848.00,"Home & Living"
P345711,Motifz_MWU01697-999-BUFF,666420.00,559758.00,"Women Fashion"
P346082,sinbo_7025,120060.00,98426.00,"Beauty & Grooming"
P346696,"HP_HP 706n A3 black",5571712.00,4234464.00,Computing
P346967,AKL_A131128712_SS-48_Yellow,173275.00,103936.00,"Women Fashion"
P346995,kke_SCF69627-2,156890.00,108228.00,"Kids & Baby"
P347222,Assetmen_MD-428-M,107300.00,86884.00,"Men Fashion"
P347238,fitn_631656703276,247950.00,161124.00,"Health & Sports"
P348472,HOS_GVYVIW75,359600.00,262508.00,"Beauty & Grooming"
P348595,JBS_SZ-042,229100.00,142042.00,"Home & Living"
P348769,GA_FE-68-141243,405420.00,255374.00,"Women Fashion"
P349342,"centrix_Scootify - Blue  Self Balancing Scooter",985942.00,778882.00,"Kids & Baby"
P349636,"Audionic_Rb 105",632200.00,455184.00,Computing
P349637,"Baklawa_Khajoor Pak-1Kg",75400.00,61828.00,Soghaat
P350026,gree_12CZ8,2529960.00,2049256.00,Appliances
P350176,KI_bedsheet-2050mkmmbs,98542.00,68962.00,"Home & Living"
P350243,Arino_BD-064-Black-44,243600.00,153468.00,"Men Fashion"
P350369,"liberty_Maroon Pullover for Boys-4 - 5 yrs - Size 24",33640.00,27898.00,"School & Education"
P351214,Strader_NT1150,110200.00,92568.00,"Beauty & Grooming"
P351329,Shark_HB-812,5800.00,4930.00,"School & Education"
P351473,"Audionic_Rb 104",649600.00,396256.00,Computing
P351680,"TO_021-JOVAN MUSK WHITE",69600.00,54288.00,"Beauty & Grooming"
P351814,"rute2_SlimStyles MR Vanilla ",406000.00,263900.00,"Health & Sports"
P351936,MEGUIAR_G7164,95932.00,67106.00,Others
P351968,SWP_500gm,5800.00,4176.00,Superstore
P352166,Emo_SS-21775-40,69542.00,55622.00,"Men Fashion"
P352729,"rub_Rubian_VR-Box With Remote",102370.00,87986.00,"Mobiles & Tablets"
P353028,"Huawei P8 lite",1123460.00,707774.00,"Mobiles & Tablets"
P353340,"UK_Habshi Halwa Tin Pack 400 Gms",16530.00,11194.00,Soghaat
P353733,"iPhone7-Matte Black -32GB",4364964.00,3535564.00,"Mobiles & Tablets"
P353776,smsm_8964000002254,51910.00,34220.00,Superstore
P353796,viewsonic_PJD5134,2865200.00,2292160.00,Entertainment
P353798,JBS_WEN-034,609000.00,505470.00,"Home & Living"
P354092,lenovo_20DF000GUE,4512400.00,3835540.00,Computing
P354128,"sapil_Sapil Passion Men 100ML",121800.00,97440.00,"Beauty & Grooming"
P354362,"Herbo Natural_1",87000.00,52200.00,"Health & Sports"
P354510,"lm_READERS DIGEST MONTHLY (ASIAN)-Single Copy",11310.00,8468.00,"School & Education"
P354882,Paramount_9789694945804,25868.00,15486.00,Books
P354988,fitn_RU00400,319000.00,236060.00,"Health & Sports"
P355452,"MotoZPlay-White ",2899942.00,2377942.00,"Mobiles & Tablets"
P355622,"CITYN_White Kameez Shalwar with Full Sleeves-13 - 15 yrs - Size ",43500.00,33060.00,"School & Education"
P355737,"Dawlance_MD 4N",371200.00,256128.00,Appliances
P356001,JBS_TAT-121,300730.00,180438.00,"Home & Living"
P356064,"HP_Officejet ENVY 5530 Wireless (3-in-1)",490680.00,299280.00,Computing
P356228,timex_T2P231,658300.00,460810.00,"Women Fashion"
P356360,LC_8411061602522,385700.00,339416.00,Others
P356515,MEGUIAR_G13616,58580.00,48604.00,Others
P357201,"Cosmo_Wen Lavender",420500.00,260710.00,"Beauty & Grooming"
P357591,"edukaan_7036-A4 - 300 Pages",17400.00,12180.00,"School & Education"
P357859,rhythmf_I1203S-02,2076342.00,1245782.00,"Men Fashion"
P358041,"vitamin_TVC-Vita Growth (Buy 2 Get 1)",232000.00,162400.00,"Health & Sports"
P358545,Samsung_49K6000,5585342.00,4579970.00,Entertainment
P358878,oxford_9780195479256,28710.00,18328.00,"School & Education"
P358912,"MORG_GCS 27",809100.00,606796.00,"Health & Sports"
P359151,"cr_ALMOND PLAIN-500 GM",54520.00,43616.00,Soghaat
P359488,"TKS_m969-6-8 Years",115942.00,85782.00,"Kids & Baby"
P361129,LS_8964000002070,55390.00,45414.00,Superstore
P361163,Gshop_D32,261000.00,221850.00,"Home & Living"
P361624,Samsung_RT85K7110SL,8467942.00,7282422.00,Appliances
P361675,BP_PS26932-Green,10556.00,8932.00,"School & Education"
P361761,Zia_363,43500.00,30450.00,Books
P362060,emart_92,133342.00,82650.00,"Home & Living"
P362136,RAJESH_RAJ192,107880.00,87348.00,"Home & Living"
P362722,"dawlance_9170WB MDS",1929080.00,1176704.00,Appliances
P362878,J&J_JJQS-004S,162110.00,97266.00,"Kids & Baby"
P363021,BP_PS03913,12122.00,9048.00,"School & Education"
P363127,igeek__Packof3FidgetSpinnerStressReducer,25810.00,16240.00,"Kids & Baby"
P363444,J&J_JJCC-002DB,109910.00,72500.00,"Kids & Baby"
P363520,HP_HD-Corei5-6200U2-3GHz-1TB-HDD,3494152.00,2306138.00,Computing
P364174,barico_BS003-Large,156600.00,97092.00,"School & Education"
P365336,GBHII_GS820-Black-Black-7,255200.00,188848.00,"Men Fashion"
P365436,aybeez_ABZ-160-L,57942.00,46922.00,"Men Fashion"
P365475,BB_KIDSHD_PRI,46342.00,28710.00,"Kids & Baby"
P365507,"aw_Fuel Injector Treatment & Upper Cylindrical Treatment (white)",21460.00,14558.00,Others
P365619,Omron_NE-C803-E,243252.00,218892.00,"Health & Sports"
P365661,avent_SCF96822-IMS-global,32480.00,28884.00,"Kids & Baby"
P365670,"RB_Personal Care-bf",20300.00,14790.00,Superstore
P367646,e-seller_15,95700.00,81316.00,Computing
P367699,"SCIFI_SC5811FCM-Barcelona ",80910.00,57420.00,"School & Education"
P367824,BB_001,168200.00,114376.00,"Home & Living"
P368181,cc_Samsung_Galaxy_S8_black,4872000.00,3702720.00,"Mobiles & Tablets"
P368222,"corio_JC 57-43",377000.00,305370.00,"Men Fashion"
P368790,samsung_50J5100,5002500.00,4352146.00,Entertainment
P368996,"Elite_Self Balancing Electric Scooter",1391942.00,890822.00,"Kids & Baby"
P369657,Kenwood_KDC-2413,4976400.00,4279704.00,Appliances
P369792,dawlance_DW-9500,1276000.00,1110120.00,Appliances
P370239,PlanetX_PX-9064,78300.00,60262.00,"Kids & Baby"
P370493,"iphone_7-128GB-wof-Jet Black",5707142.00,4736918.00,"Mobiles & Tablets"
P370891,Javaid_Nihari_with_7up,35380.00,25462.00,Superstore
P371421,emart_00-8,46342.00,34278.00,"Home & Living"
P371536,Sigma_83430,88508.00,74298.00,"Health & Sports"
P371728,"CITY_Light Grey Elastic Pant Prep to V-10 - 11 yrs - Size 36",51620.00,35090.00,"School & Education"
P372560,timex_T2P044,369750.00,273586.00,"Men Fashion"
P373014,"aw_Octane Booster-12oz./354ml ",31900.00,20068.00,Others
P373116,Al-Bakio_1B251,9280.00,7424.00,"School & Education"
P373121,SNU_ay16e-1a-Grey,143550.00,120582.00,"Women Fashion"
P373435,"rebelz_Rainbow 6 Subjects Notebook ",23200.00,19952.00,"School & Education"
P373484,zubairco_003577,159500.00,98890.00,"School & Education"
P373632,"TCB_Supreme BD 0016-L",174000.00,147900.00,"Men Fashion"
P374004,"Aladdin_Chrome Dumbbells Silver - 5kg",98542.00,70934.00,"Health & Sports"
P374460,"Fmate_Chicken Shami Kabab",14442.00,9628.00,Superstore
P375306,Omron_HN-289-E,216340.00,177364.00,"Health & Sports"
P375491,BBS_A086,217500.00,145696.00,"Kids & Baby"
P375872,"R&I_KWM 1012 SA",962800.00,856892.00,Appliances
P375932,lamart_LMZ020,202362.00,133516.00,"Home & Living"
P375957,"greenroot_Anti Dandruff and Hair Fall",40600.00,30856.00,"Beauty & Grooming"
P376314,"sockoye_QG in Quarter Grey",17342.00,14558.00,Others
P376580,"Mono Cruiser _Grand",1154200.00,819482.00,"Kids & Baby"
P376703,babywtoy61,104400.00,92916.00,"Kids & Baby"
P377021,Zia_FQ8,23200.00,14848.00,Books
P377260,mm_AG-2098,466784.00,359368.00,Appliances
P377349,GA_EA-14-144984,434420.00,317086.00,"Women Fashion"
P377933,liberty_9780141384658,72500.00,51446.00,Books
P378114,"Infinix Hot 4 Hazir-Gold-Karachi",730742.00,643046.00,"Mobiles & Tablets"
P378119,"sanasafinaz_march16_3A-Nationwide Delivery",271614.00,162922.00,"Women Fashion"
P378314,ashbroe_ABLW-152(c),100920.00,87754.00,Others
P379182,"Victorinox_  TRAVELLER KIT",562600.00,343186.00,"Men Fashion"
P379242,streets_SS-56-M,86942.00,54752.00,"Men Fashion"
P379281,PNG_Always_10000153-Lahore,11020.00,9570.00,Superstore
P379465,"Transcend_ TS2TSJ25H3B",579942.00,434942.00,Computing
P379777,Getiit_Joy,217500.00,160950.00,"Men Fashion"
P380619,Paramount_9789670618630,108750.00,68498.00,Books
P380707,"Turk & Fillmore_hutchence Tan brown-43",359600.00,248124.00,"Men Fashion"
P380779,IKEA_10119206,1276000.00,1046320.00,"Home & Living"
P380903,"UK_Sohan Halwa Tin Pack 400 Gms",16530.00,14848.00,Soghaat
P381119,UnzeLondon_GS5348-10,202855.00,139954.00,"Men Fashion"
P381847,"Infinix Hot S Hazir-Gold-Karachi",980142.00,627270.00,"Mobiles & Tablets"
P382314,HOS-m_KCBM100,208800.00,177480.00,"Beauty & Grooming"
P382334,"edukaan_7034-A4 - 300 Pages",17400.00,12006.00,"School & Education"
P383378,"ARY Jewellers_1 Gram Millat Gold Coin --Karachi",290000.00,217500.00,"Women Fashion"
P383563,Tmall_DermaSeta-1,86942.00,68672.00,"Beauty & Grooming"
P383565,GA_PM-132-136186,435000.00,374100.00,"Women Fashion"
P383728,"Samsung GALAXY NOTE-5",4175942.00,2964902.00,"Mobiles & Tablets"
P384442,Fantastic_FT-41,27550.00,20358.00,"Home & Living"
P386424,"LM_BST356-6-9 M",86130.00,71456.00,"Kids & Baby"
P386455,Z&A_ZEES-0233,18270.00,12412.00,"Home & Living"
P386704,Samsung_49inchesK5100,4929942.00,3155142.00,Entertainment
P386710,"Prime_WBGH -M",115942.00,76502.00,"Men Fashion"
P386755,"Changhong Ruba 50 Inches D4000i Smart LED",4054200.00,2594688.00,Entertainment
P386885,"HR_Soan Papdi 500g",37990.00,30392.00,Soghaat
P387024,gree_12LM4,2544982.00,1628756.00,Appliances
P387555,mm_AG-771,189660.00,157412.00,Others
P387638,"Turbo_100208 Multicolor",373230.00,302296.00,Others
P387683,timex_T2P045,399040.00,351132.00,"Men Fashion"
P387820,J&J_JJCC-024,109910.00,86826.00,"Kids & Baby"
P388033,"Changhong Ruba 32 Inches D4000i Smart LED",1966200.00,1730256.00,Entertainment
P388110,"cn_clc_ AS-120R",38280.00,25636.00,"School & Education"
P388115,SAB_SI-207-S,290000.00,185600.00,"Women Fashion"
P388345,Tri-Angels_11014-2,336400.00,215296.00,"Home & Living"
P388555,Audionic_AD-7500-Black,319000.00,223300.00,Entertainment
P388557,LS_8964000006122,54520.00,33234.00,Superstore
P388569,smsm_13854,18560.00,12412.00,Superstore
P389360,"Infinix Hot S Hazir-Grey-Grey-Karachi",980142.00,764498.00,"Mobiles & Tablets"
P389466,BB_006,203000.00,168490.00,"Home & Living"
P389473,"AKL_A131130487_SS-31_Light Olive",109504.00,70064.00,"Women Fashion"
P389672,Mitsubishi_MSZ-HJ71VA,10266000.00,6364920.00,Appliances
P389700,"sanasafinaz_march16_8A-Nationwide Delivery",312446.00,271788.00,"Women Fashion"
P389798,"unze_GS5628 -Black-10",115942.00,81142.00,"Men Fashion"
P389982,Telemall_MM-DR-SOB,200100.00,160080.00,"Health & Sports"
P390189,agha_AS_SOLEB94_01,5176500.00,3157636.00,"Health & Sports"
P390266,"aw_Super Concentrated Fuel Injector (Black)-5.25oz./155ml ",29000.00,24070.00,Others
P390482,"TKS_m962-5-6 Years",107242.00,65366.00,"Kids & Baby"
P390553,Aladdin_14-Walker-W2907,150742.00,119074.00,"Kids & Baby"
P390773,"CK_BF530-Underwear-Pack of 3-XL",34742.00,29522.00,"Men Fashion"
P390965,Samsung_WA70H4000SW,2038642.00,1345484.00,"Home & Living"
P391092,naushemian_#0043-S,319000.00,252010.00,"Women Fashion"
P391919,emart_0-19,111360.00,82360.00,"Home & Living"
P392014,stinnos_1549,85840.00,56608.00,"Kids & Baby"
P392030,"lamp_Lamp Shade Umbrella 1 ",185600.00,141056.00,Others
P392053,Adolphs_TT-1-Black-S,23142.00,20590.00,"Men Fashion"
P392127,"samsung_50 J5500",5891640.00,3652782.00,Entertainment
P392301,Ifitness_T300,4756000.00,3757240.00,"Health & Sports"
P392583,"Zuk Z1-Grey-Lahore",1449942.00,1232442.00,"Mobiles & Tablets"
P393350,Artzy_MM-02,435000.00,369750.00,"Women Fashion"
P393352,"MACBOOK PRO 13-INCH 2.5GHZ 8GBDDR3L",7482000.00,5312220.00,Computing
P394310,gree_18LM4,3136640.00,2258346.00,Appliances
P394533,"Baklawa_Baklava Almond Chocolate-1Kg",81200.00,72268.00,Soghaat
P394827,Head_811576-M,200100.00,164082.00,"Men Fashion"
P395083,stinnos_A103,92742.00,74182.00,"Kids & Baby"
P395278,Zia_EN2,14500.00,10556.00,Books
P395322,HOS_ELPIW100,340170.00,207466.00,"Beauty & Grooming"
P395669,Paramount_9789696370420,17110.00,10556.00,"School & Education"
P395976,"Atalian _DV206A-Black-41",463710.00,296728.00,"Men Fashion"
P396055,BP_TO35628,194242.00,132066.00,"Kids & Baby"
P396098,Aladdin_bike_cover,34220.00,27666.00,Others
P396169,Transcend_TS1TSJ25M3,376942.00,256302.00,Computing
P396546,"R&I_Generator 6KVG",4151640.00,3404310.00,Appliances
P396643,"StripyInterior_Diamond Janamaz -003",153642.00,133632.00,"Home & Living"
P397101,"PucaM_SS-2709-NAVY RED-40",127600.00,89320.00,"Men Fashion"
P397123,"MACBOOK AIR 11INCH",6902000.00,5314540.00,Computing
P397283,"Castillo_CGR-02-Natural C",208800.00,146160.00,"Home & Living"
P397709,"Turk & Fillmore_Super Natural I-brown-40",1885000.00,1639950.00,"Men Fashion"
P398112,"edukaan_7046-A4 - 120 Pages",8816.00,6206.00,"School & Education"
P399251,Naushemian_#0027-Blue-L,2610000.00,2088000.00,"Women Fashion"
P399362,"majestic_15 Pc Cookware Set - Beige",339300.00,271440.00,"Home & Living"
P400001,stinnos_A024-Anger,29000.00,25520.00,"Kids & Baby"
P400173,Saloni_VINCE6,72500.00,52896.00,"Beauty & Grooming"
P400366,Naushemian_#0028-Offwhite-M,3480000.00,2644800.00,"Women Fashion"
P400480,Arino_A-010-Tan-40,243600.00,209496.00,"Men Fashion"
P400485,"phub_Joop Homme Extreme 125ml  EDT ",209496.00,175972.00,"Beauty & Grooming"
P400640,FESFEducate-a-Child-for-a-Month,348000.00,295800.00,Others
P400701,stinnos_A112,60842.00,37700.00,"Kids & Baby"
P401585,GA_PM-161-136198,464000.00,287680.00,"Women Fashion"
P401988,AYS_PEL-PINVC-18K-Invert-O-Cool,3258150.00,2411002.00,Appliances
P402404,JBS_WEN-194,725000.00,493000.00,"Home & Living"
P402840,Timex_TW2P61600,443120.00,394342.00,"Men Fashion"
P402856,Samsung_A7-2017-Gold,3044942.00,1826942.00,"Mobiles & Tablets"
P403179,"dawlance_DWT-230A W",1565420.00,1017494.00,Appliances
P403423,Senorita_GAK-822-BGE-34,106720.00,93902.00,"Kids & Baby"
P403582,babyw_$projector,220980.00,194416.00,"Kids & Baby"
P404236,smsm_8961100500123,53070.00,39266.00,Superstore
P404687,"RMSON_TL4201 MW BU",939542.00,742226.00,"Men Fashion"
P404818,PlanetX_PX-9087,185600.00,137344.00,"Kids & Baby"
P405060,"Kenwood_1.5 Ton White ESense Split Air Conditioner - HSU-18LKE",2349000.00,1738260.00,Appliances
P405111,Mtech_Combo-of-1-MXQ-Pro,299860.00,233856.00,Entertainment
P405456,interwood_HF-02WCR-GO-39741,1740000.00,1131000.00,"Home & Living"
P405758,"phub_Desire Blue  by Dunhill 100ml  EDT ",209496.00,131950.00,"Beauty & Grooming"
P406287,"Ricoh_Color GELJET SG-3120B SFN (wireless with Battery)",1613850.00,1032864.00,Computing
P406658,ziqi_ZN-456,84100.00,66410.00,"Kids & Baby"
P406900,"Planet X_stinnos_776",98600.00,74936.00,"Kids & Baby"
P406949,"Haier_LE 42B9000",1913942.00,1607702.00,Entertainment
P407562,liberty_9780425271582,92510.00,77662.00,Books
P408158,"GMZV_WWE 2K17-XboX one",329440.00,204218.00,Entertainment
P408177,Bata_8386001-44,231942.00,197142.00,"Men Fashion"
P408307,Castillo_CK-745-Green-42,630750.00,479370.00,"Men Fashion"
P408318,Bata_Bfirst-3516073-32-13,46342.00,39382.00,"School & Education"
P408411,"anex_AG 13",104980.00,93380.00,Appliances
P408446,"TSS_Khaki Elastic Pants-6 - 7 yrs - Size 28",29754.00,20822.00,"School & Education"
P408955,"Audionic Max-550",174000.00,121800.00,Entertainment
P409025,ss_WC-017-L,145000.00,104400.00,"Men Fashion"
P409400,PlanetX_PX-9210,75400.00,61828.00,"Kids & Baby"
P409617,Surmawala_Haier-HWM-120-35FF-Washing-Machine-Grey,675990.00,473164.00,Appliances
P409795,"edukaan_7069-A4 - 300 Pages",17400.00,15486.00,"School & Education"
P410032,hol_D3,57942.00,49822.00,Others
P410461,alrafa_Amber-Dates-400g,63800.00,44660.00,Soghaat
P410642,TBG_AV-S-044-Black,1174500.00,716416.00,"Women Fashion"
P410654,Prime_PINKI-BLACK-M,202942.00,133922.00,"Women Fashion"
P410777,"SCIFI_Disney Beauty_SC4545PGP",154280.00,121858.00,"School & Education"
P410879,audionic_6954217686844,72500.00,60146.00,Computing
P411823,Geepas_GH8626,107532.00,90306.00,"Beauty & Grooming"
P411873,stinnos_342,241454.00,217268.00,Others
P412505,3m_70005045094,38860.00,31436.00,Superstore
P412671,Aladdin_15-Walker-W2908,139142.00,101558.00,"Kids & Baby"
P414014,fitn_RU00495,493000.00,428910.00,"Health & Sports"
P414248,LS_815096000694,40890.00,29812.00,Superstore
P414864,GA_FE-60-141235,434420.00,338836.00,"Women Fashion"
P414925,Relaxsit_RS-36,118900.00,97498.00,"Home & Living"
P415104,MEGUIAR_X1030EU,206596.00,161124.00,Others
P415305,AYS_50U560,2983810.00,1879780.00,Entertainment
P415879,HOS_JLSW100,173710.00,130268.00,"Beauty & Grooming"
P416084,IKEA_221916,504600.00,302760.00,"Home & Living"
P416097,"Turk & Fillmore_Super Natural I-brown-44",1885000.00,1262950.00,"Men Fashion"
P416637,CL74_dawlance_VF-1035WB,1809600.00,1158144.00,Appliances
P417101,"Truck Art Tea Pot",104400.00,76212.00,"Home & Living"
P417195,"jj_JLAWN-S-17-068 Cool Flower",142216.00,93844.00,"Women Fashion"
P417317,JBS_IFAM-007,211700.00,158746.00,Others
P417575,lamart_LMZ053,439466.00,364704.00,"Home & Living"
P418626,"Apple iPhone 6S 64GB",5596942.00,3414112.00,"Mobiles & Tablets"
P418918,"Life source_GS300",63220.00,45472.00,"Health & Sports"
P418929,"madela_HARMONY BREASTPUMP",440800.00,290928.00,"Kids & Baby"
P419070,"BFV_Black Friday voucher Rs  2000",116000.00,104400.00,Others
P419276,oxford_9780199128204,104400.00,84564.00,"School & Education"
P419348,liberty_9780521677004,60900.00,47502.00,"School & Education"
P419592,shubinak_SWS14-JAK-1020-XS/S,1044000.00,856080.00,"Women Fashion"
P419656,PlanetX_PX-9291,89842.00,67338.00,"Kids & Baby"
P419963,CUR_CUD-32,115942.00,75342.00,"Men Fashion"
P420026,Gloria_1506A,99470.00,79576.00,"Women Fashion"
P420664,Sigma_1689,232000.00,171680.00,"Health & Sports"
P420946,BHA_K.E-7500+,777142.00,528438.00,Appliances
P420961,TBG_AV-B-02-Maroon,391500.00,281880.00,"Women Fashion"
P420989,"CITY_White Shirt Half Sleeves Prep to X-5 - 6.5 yrs - Size 22",39440.00,23664.00,"School & Education"
P420995,"Haier_HWM 55-1010",2297380.00,1401396.00,Appliances
P421498,Orient_32inchL6982,1076480.00,904220.00,Entertainment
P421755,"MotoZPlay -Black",2899942.00,2319942.00,"Mobiles & Tablets"
P422173,fitn_631656703269,261000.00,200970.00,"Health & Sports"
P422424,bogo_2016,57942.00,47502.00,Others
P422527,"CL168_R&I_Generator 5KVG",2961712.00,2102790.00,Appliances
P422708,iGeek_BatmanTriFidgetSpinnerToy,24650.00,15776.00,"Kids & Baby"
P423136,ALK_FC-03-17-A131140044,522000.00,386280.00,"Women Fashion"
P423359,stripyinterior_100004,98020.00,78416.00,Others
P423636,"MORG_GCS 01",394400.00,287912.00,"Health & Sports"
P423681,hop_ANKM030,2552000.00,1582240.00,"Beauty & Grooming"
P423950,stinnos_A143,81142.00,64090.00,"Kids & Baby"
P423958,GA_C-468-120505,226200.00,140244.00,"Women Fashion"
P425584,"SUPER ASIA_SA WC 60-ELECTRIC WATER COOLER PLASTIC BODY (60 GALLO",2094438.00,1864004.00,Appliances
P425645,"baklawa_Baklava Mix Sweets 1Kg",69600.00,57768.00,Soghaat
P426226,"Apple MacBook Air 13-inch 1.6GHz dual-core Intel Core i5",7656000.00,5052960.00,Computing
P427527,Iamofficial_IAM-0091,30044.00,18270.00,"School & Education"
P427813,duma_2055916556897,101442.00,67918.00,"Home & Living"
P427880,"cr_WALNUT-500 GM",60610.00,49648.00,Soghaat
P428453,Bata_Power-8389002-44-10,173942.00,130442.00,"Men Fashion"
P429085,Sigma_58542,308908.00,277994.00,"Health & Sports"
P429462,"dynasty_Snow Berry-Black",191400.00,155034.00,"Men Fashion"
P430015,liberty_9780263896732,51910.00,45646.00,Books
P430433,KHAS_KCE-2065,261000.00,221850.00,"Women Fashion"
P431327,Z&A_ZEES-0043,92742.00,66758.00,"Beauty & Grooming"
P431389,BBS_DoremonCar,166460.00,128122.00,"Kids & Baby"
P431941,sehgalmotors_5192,180264.00,154976.00,Superstore
P432163,"dawlance_9170WB Graphite Grey",2140200.00,1583748.00,Appliances
P432408,Kashmina_KSH-WO-RD-HD,261000.00,229680.00,"Women Fashion"
P432772,Shark_LG50,1450.00,1044.00,"School & Education"
P433145,SFEVER_MP216,597400.00,358440.00,"Beauty & Grooming"
P433197,"BE_BRAUN SILK-EPIL 1-81",81490.00,66816.00,"Beauty & Grooming"
P433571,HOS_EARSW100,150800.00,108576.00,"Beauty & Grooming"
P433768,"Ref_AMBASSADOR 1162 Tan-44",307110.00,236466.00,"Men Fashion"
P433837,SWP_3kg_1kgfree,33060.00,21460.00,Superstore
P434157,Tmall_ASA182,75342.00,66294.00,"Health & Sports"
P434577,"HP P1102 - White_18",635100.00,482676.00,Computing
P435105,MEGUIAR_G13115,70064.00,58116.00,Others
P435245,"sanasafinaz_march16_8B-Nationwide Delivery",312446.00,278052.00,"Women Fashion"
P436970,timex_T49961,328280.00,288840.00,"Men Fashion"
P437214,"phub_Bright Crystal  by Versace 90ml EDT",299280.00,200506.00,"Beauty & Grooming"
P437509,liberty_9780751565355,101848.00,70238.00,Books
P438730,"Eco Star_40U561",1775380.00,1420304.00,Entertainment
P438845,PNG_Always_10000778-Lahore,11020.00,6786.00,Superstore
P439626,Casio_EFR-546L-2AVUDF,609000.00,517650.00,"Men Fashion"
P440374,BP_FA31587,285650.00,194242.00,"Kids & Baby"
P440762,KKUPJ-Blue-L,173942.00,142622.00,"Men Fashion"
P440872,LC_3595471021182,472700.00,321436.00,"Beauty & Grooming"
P440933,"head_273305-UK 8",399620.00,255722.00,"Men Fashion"
P441520,liberty_9780545103718,31900.00,24244.00,Books
P441667,liberty_9780199401932,142100.00,85260.00,Books
P441981,HOS-m_YSLNHM100,435000.00,374100.00,"Beauty & Grooming"
P442602,"Chk_ Green Chilli Pickle 300g",26100.00,23200.00,Superstore
P442630,"SCIFI_SC4530SPD-Spider Man ",231710.00,180728.00,"School & Education"
P442670,"iPhone7Plus-Red- 128GB",5889668.00,5241750.00,"Mobiles & Tablets"
P442844,"Naushemian_#0031-Orange -M",2436000.00,2168040.00,"Women Fashion"
P443022,"plk_PD/ 988 790 _61",2003900.00,1202340.00,"School & Education"
P443595,AKL_A131130447_SS-141_Purple,357454.00,314534.00,"Women Fashion"
P443670,"CITY_White Shirt Full Sleeves Prep to X-12 - 13 yrs  - Size S",45240.00,37526.00,"School & Education"
P444337,GA_GL-06-141166,260420.00,221328.00,"Women Fashion"
P444847,"4U_Service-KA 005",14500.00,11136.00,"School & Education"
P444930,fitn_748927052237,159790.00,95874.00,"Health & Sports"
P445316,"RMSON_TM8904 MC WH",768500.00,622456.00,"Men Fashion"
P446106,BK1200200MS,8352.00,6322.00,Soghaat
P446234,interwood_HA-263049-39698,193778.00,172434.00,"Home & Living"
P446333,stinnos_1500,0.00,0.00,"Kids & Baby"
P446518,Geepas_GHB1661,782942.00,618512.00,Appliances
P446550,"Apple iPhone 6S 16GB",4640000.00,3155200.00,"Mobiles & Tablets"
P447157,Paramount_9781107697690,182856.60,153584.00,"School & Education"
P447878,"RS_Kaju Barfi",24650.00,19952.00,Soghaat
P448337,"Triumph_Doreen-Black- 36C",130500.00,82186.00,"Women Fashion"
P448913,voucher,17400000.00,15660000.00,Others
P449125,asimjofaeid_AJL-3B,115942.00,84622.00,"Women Fashion"
P449430,"GA_BLOSSOM T-400 - 99192",80040.00,53592.00,"Home & Living"
P449647,"BB_Red & Black Football Design Beanbag",197200.00,149872.00,"Home & Living"
P449744,Zia_TK13,33350.00,25636.00,Books
P449985,ES_G-23-Mustard-47,289710.00,202768.00,"Men Fashion"
P450226,"SKMT_CT Scan",290000.00,217500.00,Others
P450414,liberty_9789351050100,7540.00,4814.00,Books
P450455,Culzado_CZM-260-42,580000.00,382800.00,"Men Fashion"
P450592,"Haier_LE 42B8000",1989400.00,1412474.00,Entertainment
P450890,"Corio_C-101348 - BROWN-45",435000.00,378450.00,"Men Fashion"
P451060,"Homage_Black Water Dispenser - HWD-42",751100.00,473164.00,Appliances
P451463,"vitamin_Vita Growth",92800.00,68672.00,"Health & Sports"
P451592,"Sony_PlayStation 4 1TB - Call of Duty Black Ops 3 Version Limite",2380900.00,1547556.00,Entertainment
P451684,timex_T2P043,812000.00,600880.00,"Men Fashion"
P451789,AKL_A131128720_SS-14_Grey,362500.00,308096.00,"Women Fashion"
P451831,TBG_AV-B-01-Golden,352350.00,274804.00,"Women Fashion"
P451876,gree_12CIT,3887160.00,3420666.00,Appliances
P452041,TCF_Educate-a-Child-for-a-Month,72500.00,49996.00,Others
P452095,FHM_ECLIPSE,1093300.00,809042.00,"Home & Living"
P452163,IKEA_315284,2227200.00,1692672.00,"Home & Living"
P452488,nasgas_NWD-120,791700.00,585858.00,Appliances
P452678,liberty_9780440867395,40310.00,24534.00,Books
P452759,"vitamin_Vita White",59160.00,44950.00,"Health & Sports"
P453076,GA_SS-126-136163,263494.00,197606.00,"Women Fashion"
P453587,"Rubian_Rubian 082",57942.00,44602.00,"Men Fashion"
P453625,Tmall_MM-DR-MIB,86942.00,74762.00,"Home & Living"
P454002,"Haier_HWM 100 AS/BS",896680.00,708354.00,Appliances
P454528,"Atalian _BK17.50-Black-41",231710.00,199230.00,"Men Fashion"
P455444,Kansai_RockGuard,41470.00,26912.00,Others
P456121,BP_TO31971,107242.00,83636.00,"Kids & Baby"
P456314,"coleman_Red Adult Chair Quad with Cooler ",243600.00,153468.00,"Home & Living"
P456808,"Monocruiser_BL-118AR - Green",1154200.00,957986.00,"Kids & Baby"
P456956,liberty_9780330508780,46110.00,31784.00,Books
P457282,HOS-m_GAADGPM125,638000.00,459360.00,"Beauty & Grooming"
P457442,"RS_Soan Papri-250gm",9280.00,6032.00,Soghaat
P457899,"Samsung Galaxy Note 3 N9000",2841942.00,2017762.00,"Mobiles & Tablets"
P458788,"Logitech_Logitech Ipad Air Keyboard Cover Connector-white",427170.00,345970.00,Computing
P458837,"ZFMLL_AB Rocket Twister",198882.00,147146.00,"Health & Sports"
P458850,MEGUIAR_G7016,118030.00,90828.00,Others
P459124,Haier_HRF-300,2075182.00,1348848.00,Appliances
P459350,"StPat_Grey Shirt Full Sleeve Morning and A-Level-14 - 15 yrs - S",35380.00,23664.00,"School & Education"
P459512,"corio_JC 43-41",377000.00,275210.00,"Men Fashion"
P459590,Z&A_ZEES-0128,116000.00,91640.00,Others
P460079,"OKM_EL-150 Lambs Pullover-BROWN-40",160370.00,105792.00,"Men Fashion"
P460667,Sigma_5535,92510.00,59160.00,"Health & Sports"
P460847,Arino_AF-008-42,377000.00,316680.00,"Men Fashion"
P460976,Aladdin_Nice_Dicer_Plus,57942.00,44022.00,"Home & Living"
P461115,"Dynasty_York By Dynasty-Charcoal",131950.00,118726.00,"Men Fashion"
P461750,"starlet_ST 16004-Khaki-44",232000.00,187920.00,"Men Fashion"
P461945,Rajesh_RAJ005,49880.00,34394.00,Appliances
P462042,AKL_A131131284_FC-03,351016.00,252706.00,"Women Fashion"
P462990,"aw_Ultra Shine Wash & Wax-64oz./1893ml ",60320.00,41006.00,Others
P463316,"Turk & Fillmore_Super Natural I-brown-43",1885000.00,1376050.00,"Men Fashion"
P463583,SNU_Tena-Durrani-TD16W-Roseate,841000.00,756900.00,"Women Fashion"
P463606,"UK_ Cake Rusk Original 350 Gms",11020.00,7772.00,Soghaat
P463649,lenovo_20DF000QUE,5730400.00,4584320.00,Computing
P463651,"BE_AUTO COOL",42340.00,30044.00,Superstore
P464363,LS_8961100500123,48430.00,32886.00,Superstore
P464439,Fpakistan_FP029,50692.00,44080.00,"Home & Living"
P464743,"pakistan_Pakistan Car Flag",7830.00,5046.00,Others
P465690,audionic_6954217598734,22620.00,15138.00,Computing
P465866,ziqi_Zn-1455-MD,50170.00,45124.00,"Kids & Baby"
P466252,SFEVER_CA488HB0V4HJONAFAMZ,336400.00,279212.00,"Beauty & Grooming"
P466269,"iPhone SE-64GB",3740942.00,2506412.00,"Mobiles & Tablets"
P466797,UnzeLondon_CS11224-32,57942.00,41702.00,"Kids & Baby"
P466910,akl_A131133519_MS-01_Beige,79750.00,70934.00,"Women Fashion"
P467257,"Huawei_P9 OC",3131942.00,2693462.00,"Mobiles & Tablets"
P467262,Trendz_TR-0037,40020.00,27202.00,"Kids & Baby"
P467447,Sigma_1947,62408.00,39266.00,"Health & Sports"
P467533,Darul_Sakoon_Food_Bundle,2870.42,2378.00,Superstore
P467567,redspot_9789810780159,53940.00,47444.00,"School & Education"
P468142,Trzw_TPE-20-White,263494.00,192328.00,"Women Fashion"
P468287,"Lenovo_YOGA 500-I5",4591860.00,4040802.00,Computing
P468366,kansai_NeverWet,120350.00,80620.00,Others
P468376,EMJM_24101322206-40,139142.00,84854.00,"Men Fashion"
P468750,"SUPER ASIA_GH 530-30 GLN CAPACITY",1024686.00,809448.00,Appliances
P468756,PlanetX_PX-9161,69600.00,54984.00,"Kids & Baby"
P469054,HOS-m_GAADGEM180,725000.00,493000.00,"Beauty & Grooming"
P469590,Zia_QT17,174000.00,133980.00,Books
P469663,"Topline_Iqbal his life and Our Time",23200.00,15776.00,Books
P469966,AKL_A131130507_SS-161_Blue,230550.00,191342.00,"Women Fashion"
P470236,"nabila_Ngage FOR Honey",400200.00,272136.00,"Beauty & Grooming"
P470836,Mausummery_0001555-SUT-AQU,463710.00,361688.00,"Women Fashion"
P471274,rhythm_G1107S-04,608942.00,499322.00,"Men Fashion"
P471425,Sapphire_US0411,342200.00,212164.00,"Women Fashion"
P472060,JBS_WEN-041,30450.00,26448.00,"Home & Living"
P472870,interwood_HA-R-COVINGTON-40010,797500.00,645946.00,"Home & Living"
P473268,Castillo_CWM-326,139200.00,96048.00,"Men Fashion"
P473371,RM_Sony-DSC-HX400,2633200.00,1711580.00,Entertainment
P473380,"Audionic_ B-800",75342.00,50460.00,Computing
P473422,Paramount_9780007155668,28710.00,24940.00,"School & Education"
P473888,"MACBOOK AIR 13-INCH 256 GB Flash Drive",8410000.00,5046000.00,Computing
P474128,liberty_9780349000084,57710.00,41528.00,Books
P474849,HP_450-G4-Core-i7-7500U,4582000.00,4123800.00,Computing
P474867,BP_SP06388,85550.00,69252.00,"Health & Sports"
P475289,Samsung_A3-2017-Black,1870442.00,1589838.00,"Mobiles & Tablets"
P475430,"edukaan_7027-A4 - 6 Subjects",16530.00,13514.00,"School & Education"
P475499,RAF_800mlx12,118320.00,86362.00,Superstore
P475505,sanasafinaz_SS-14A,362500.00,257346.00,"Women Fashion"
P475695,Paramount_9789696371182,22910.00,17168.00,"School & Education"
P475869,proactiv_acne_1,318942.00,236002.00,Others
P475978,asimjofaeanew_2B,115942.00,103182.00,"Women Fashion"
P476150,mau_115173,44080.00,37468.00,"Beauty & Grooming"
P476204,"edukaan_7040-A4 - 300 Pages",17400.00,14094.00,"School & Education"
P476236,Paramount_9789696371410,34510.00,29290.00,"School & Education"
P476267,PlanetX_PX-9103,88450.00,75168.00,"Kids & Baby"
P476406,"cn_clc_ AS-120V-POR ASA HB",35960.00,25520.00,"School & Education"
P476745,Paramount_9789696370666,51910.00,34220.00,"School & Education"
P476808,"corio_JC 01-40",377000.00,271440.00,"Men Fashion"
P477231,"VPN_VPN 702-B",556800.00,445440.00,"Health & Sports"
P477437,Fpakistan_FP045,50692.00,34974.00,"Home & Living"
P477439,Bata_8811271-White-42,173942.00,146102.00,"Men Fashion"
P477619,Telemall_MM-PC-0002,57942.00,41122.00,"Health & Sports"
P478155,Dermalogica_666151001909,405420.00,332398.00,"Beauty & Grooming"
P478437,Castillo_CD-746-Camel-40,275500.00,203870.00,"Men Fashion"
P479202,"edukaan_7159-A4 - 300 Pages",17400.00,11658.00,"School & Education"
P479241,"vitamin_Super Ginseng 800",58000.00,37700.00,"Health & Sports"
P479840,samsung_G935F-Blue,4581942.00,2840782.00,"Mobiles & Tablets"
P479979,Al-Bakio_1A141,9280.00,5568.00,"School & Education"
P480151,Fantastic_FT-42,41470.00,25288.00,"Home & Living"
P480295,knc_KNC-316,139200.00,87696.00,"Home & Living"
P480430,babyw_5710,232000.00,164720.00,"Kids & Baby"
P480731,oxford_9780199126668,57710.00,43848.00,"School & Education"
P481307,"MDF 002_Pistachios Salted 250 gm",32654.00,28362.00,Soghaat
P481467,"edukaan_7113-A4 - 6 Subjects",17400.00,12876.00,"School & Education"
P481645,samsung_A720-Black,3190000.00,2360600.00,"Mobiles & Tablets"
P482074,"TLC_TAC-24CS/JET 2 ton",3897310.00,2494232.00,Appliances
P482094,"Gmart_Touch Operated Smart Sport Bracelet 1",203000.00,142100.00,"Health & Sports"
P482108,Aladdin_UMR_CM_1092,42340.00,25404.00,"School & Education"
P482294,Paramount_9789694945460,22910.00,18966.00,Books
P482831,BBS_A179,108460.00,72616.00,"Kids & Baby"
P482878,"Rai_Ra21-Pistachio Green-Medium",348000.00,250560.00,"Women Fashion"
P484084,"vitamin_Vigour Maximizer Bundle",116000.00,89320.00,"Health & Sports"
P484159,JBS_TAT-019,128296.00,109040.00,"Home & Living"
P484258,CBS_9780071701723,202188.00,145522.00,"School & Education"
P484518,timex_T2P392,395850.00,281010.00,"Men Fashion"
P484584,Timb-mens_23061-10,1392000.00,1127520.00,"Men Fashion"
P485064,RealLeather1135_medium_black,173942.00,137402.00,"Men Fashion"
P485201,Barico_723205,99180.00,75342.00,"School & Education"
P485365,"BFV_Black Friday voucher Rs  1000",58000.00,45820.00,Others
P486103,dawlance_VF-1035WB,2455720.00,1915450.00,Appliances
P487968,"Philips_Bundle Offer AT890 HP 8110",394400.00,276080.00,"Beauty & Grooming"
P488099,Edukaan_200551,48952.00,43036.00,"Kids & Baby"
P488521,seagate_STEA1000400-1TB,371200.00,248704.00,Computing
P489102,liberty_9781419550034,63510.00,43152.00,"School & Education"
P489354,"snap_Snap Car-care Kit",40542.00,26332.00,Superstore
P489406,RB_HPx5,58000.00,51040.00,Superstore
P489854,"Topline_Waheed Murad His Life and Our Times",17400.00,13398.00,Books
P490040,"FHM_Fluffy Cocao-SOFA SET",3166800.00,2343432.00,"Home & Living"
P490406,Timex_TW2P72500,1473200.00,1134364.00,"Men Fashion"
P490465,"cr_PISTA SALTED-500 GM",56550.00,49764.00,Soghaat
P490466,Seagate_STEA2000400,545200.00,425256.00,Computing
P490699,"shubinak_SWW-F14-017-L - 38",371200.00,282112.00,"Women Fashion"
P490827,"APC_UPS 1 kv SUA10001",3550470.00,2911368.00,Appliances
P491032,"Dawlance_Inverter-45 2.0 ton",4413220.00,3177472.00,Appliances
P491161,Haier_HSU-12-HNF,2588250.00,1734084.00,Appliances
P491295,Charizma_DG36,124700.00,108460.00,Others
P491862,SharpLC40LE185M,2669740.00,2109054.00,Entertainment
P492175,"Trans2_LW 11",104110.00,75980.00,"Kids & Baby"
P492228,Progressive_9781472390035,43210.00,33234.00,Books
P492599,"HP_Laser 402dn Black",1840108.00,1288064.00,Computing
P492835,J&J_JJPS-007XL,28710.00,22388.00,"Kids & Baby"
P493127,"huawei_Mate 9-gold",3891800.00,2996686.00,"Mobiles & Tablets"
P493245,mt_BL001161-16Oz,57710.00,43848.00,"Health & Sports"
P493563,Paramount_8489738068,86710.00,59798.00,Books
P493685,"bio_Bio Oil-125ml",127600.00,111012.00,"Beauty & Grooming"
P494258,Naushemian_#0022-S,377000.00,245050.00,Others
P494324,"SCIFI_Disney Music_SC22001T3",10440.00,8236.00,"School & Education"
P494494,Z&A_ZEES-0087,59160.00,43732.00,Others
P494790,"greenroot_Natural Khawa tea 50gm",5800.00,3770.00,Soghaat
P494921,Kenwood_KEE-240-F,5539000.00,3544960.00,Appliances
P495026,babyw_2949,280720.00,193662.00,"Kids & Baby"
P495211,"shahi_buy one get one free Shahi Dal Moong",4930.00,3712.00,Soghaat
P495402,"MORG_GCS 06",516200.00,371664.00,"Health & Sports"
P495740,Ifitness_JS9.4A,1305000.00,822150.00,"Health & Sports"
P496204,Rajesh_RAJ001,52780.00,35322.00,"Home & Living"
P496560,sehgalmotors_8153,74066.00,64380.00,Superstore
P497003,Samsung_RT39K5110SP,4378942.00,3371772.00,Appliances
P497269,SCIFI_SC38816,254910.00,191168.00,"School & Education"
P497435,"RS_Chum Chum Tin",25230.00,17400.00,Soghaat
P497470,"Voucher 9000",522000.00,459360.00,Others
P497885,Zia_111,24650.00,17748.00,Books
P497940,PlanetX_PX-9021,36250.00,24650.00,"Kids & Baby"
P498064,ALK_FMNC002-131688053,92684.00,71340.00,"Men Fashion"
P498904,JBS_WEN-123,226200.00,151554.00,"Home & Living"
P498950,"Iamofficial_ IAM-NB218",33350.00,22678.00,"School & Education"
P499383,liberty_9780062312716,43500.00,35206.00,Books
P499423,UnzeLondon_GS5348-9,202855.00,158224.00,"Men Fashion"
P499454,RBC_9789694070872,69600.00,50808.00,Books
P499494,"Fmate_Shahi Qorma (Boneless)",18502.00,11252.00,Superstore
P499864,Surmawala_PEL-PRA-160-Refrigerator-Silver,2509080.00,1906866.00,Appliances
P500104,"samsungGALAXY S-7 32GB LTE",3596000.00,2589120.00,"Mobiles & Tablets"
P500879,"greenroot_Men Taur Ultra ",348000.00,299280.00,"Health & Sports"
P501300,rhythm_S1411S-03,1502142.00,946328.00,"Men Fashion"
P501330,sony_DSLR-ILCE-6000L,4408000.00,3438240.00,Entertainment
P501415,liberty_9781849156004,63510.00,48256.00,Books
P501464,"sst_Chakito-Regular fit-Medium",113100.00,67860.00,"Men Fashion"
P502182,Haier_HSU-18LK-E10BL-White,2714400.00,2035800.00,Appliances
P502421,JBS_hcd-HON-018,263436.00,165938.00,"Home & Living"
P502432,"centrix_Scootify - Black Self Balancing Scooter",985942.00,828182.00,"Kids & Baby"
P502773,Getiit_Fun,150800.00,104052.00,"Men Fashion"
P502965,Toyworld_TW-243,168142.00,147958.00,"Kids & Baby"
P502966,Paramount_99914786,115710.00,76328.00,Books
P503383,Mochi_MB-809-BL-32,109040.00,82824.00,"Men Fashion"
P503720,mt_BL001321-32Oz,86710.00,71050.00,"Health & Sports"
P504277,zuni16_319-A,131950.00,110838.00,"Women Fashion"
P504290,Ctees_CK-SUP-M,41470.00,34800.00,"Kids & Baby"
P504355,"Ricoh_Black Laser SP-210",457910.00,343418.00,Computing
P504363,casio_MTP-E305D-2AVDF,350900.00,280720.00,"Men Fashion"
P504367,jackpot_JP-997,301600.00,250328.00,Appliances
P504379,Ctees_CK-SUP-L,41470.00,33988.00,"Kids & Baby"
P504409,casio_MTP-1381D-7AVDF,226200.00,135720.00,"Men Fashion"
P504425,casio_MTP-E303L-7AVDF,414700.00,356642.00,"Men Fashion"
P504430,jackpot_JP-939,957000.00,756030.00,Appliances
P504431,WW_WHP-WP-1,145000.00,105850.00,"Home & Living"
P504443,jackpot_JP-50,72500.00,64496.00,"Beauty & Grooming"
P504448,J&J_JJFP-016,86710.00,77140.00,"Kids & Baby"
P504452,ES_P-9-Black-42,289710.00,225968.00,"Men Fashion"
P504480,US-USSG16-TOP-41-9-10Y,133342.00,113332.00,"Kids & Baby"
P504495,Bparcel_HP-90W,66700.00,53360.00,Computing
P504503,Shark_CP-12,6380.00,4582.00,"School & Education"
P504505,JBS_SZ-049,167620.00,140766.00,"Home & Living"
P504512,it_Imp-luxe17-07,571300.00,388484.00,"Women Fashion"
P504548,renna_DC-BBP-GR,243600.00,209496.00,"Men Fashion"
P504560,"Triumph_T-Shirt Bra 92 P-Skin- 34B",139200.00,89088.00,"Women Fashion"
P504571,hijabh_0120-P-827-54,403100.00,266046.00,"Women Fashion"
P504572,"SIR_Pack-of-3-Dust-Wet-Dolly-Mop-Set-DWD ",75922.00,62234.00,Superstore
P504580,HP_HP-Laserjet-Pro-M12a,711254.00,433840.00,Computing
P504603,TP-Link_Router-WR-840N,113042.00,87000.00,Computing
P504630,Kenwood_KEA1201,2005350.00,1483930.00,Appliances
P504671,"Triumph_T-Shirt Bra 87 P-Black-32B",145000.00,120350.00,"Women Fashion"
P504676,zaffiro_Z-P-069,612596.00,441032.00,"Beauty & Grooming"
P504691,"jackpot_Microwave Oven -JP-932 ",667000.00,466900.00,Appliances
P504692,TP-Link_Router-TL-WDR-3500,367488.00,330716.00,Computing
P504701,"Triumph_Tri-action 36 P-Black- 36C",153700.00,129108.00,"Women Fashion"
P504709,AKL_A131131283_FC-02,351016.00,301832.00,"Women Fashion"
P504729,renna_LL-BBP-WN,275500.00,170810.00,"Men Fashion"
P504777,zaffiro_Z-P-030,189022.00,145522.00,"Beauty & Grooming"
P504782,Surmawala_Orient-OR-6057IP-Refrigerator-Silver-Black,1899500.00,1595580.00,Appliances
P504861,RM_Sony-DVP-SR760,377000.00,320450.00,Entertainment
P504897,TP-Link_Router-WR-845N,144942.00,86942.00,Computing
P504908,Nabila_ZEROMAKEUP-PEARL,284200.00,204624.00,"Beauty & Grooming"
P504915,zaffiro_Z-P-059,361572.00,263900.00,"Beauty & Grooming"
P504954,WSM_Black-LCD-Backup-Rear,95700.00,74646.00,Superstore
P504959,ahp_EOS-70D-20.2-MP-Black,7017942.00,6175782.00,Entertainment
P504960,Surmawala_Orient-68635-IP-Refrigerator-Silver-Grey,2131500.00,1364160.00,Appliances
P504961,zaffiro_Z-P-002,253982.00,165068.00,"Beauty & Grooming"
P504980,unique_p-wow-01,192270.00,115362.00,"Beauty & Grooming"
P505022,"SCIFI_SC4520SBP-Sponge Bob ",109910.00,83520.00,"School & Education"
P505040,HP_MFP-M227fdw,2005350.00,1624290.00,Computing
P505099,Nabila_ZEROMAKEUP-IVORY,284200.00,210308.00,"Beauty & Grooming"
P505115,zaffiro_Z-P-042,363834.00,287390.00,"Beauty & Grooming"
P505119,"GA_KP-1284 - 141708-M",194300.00,169012.00,"Men Fashion"
P505165,Ifitness_LIVEUP-INVERSION-TABLE-LS9087,1363000.00,1090400.00,"Health & Sports"
P505169,it_Imp-luxe17-01,571300.00,462724.00,"Women Fashion"
P505181,RM_Sony-BDP-S1500,783000.00,469800.00,Entertainment
P505225,Mardaz_MDZ-P-18-M,19140.00,12006.00,"Men Fashion"
P505236,AYS_Orient-OR-5535-IP-Refrigerator,1681942.00,1227802.00,Appliances
P505243,jackpot_JP-7991,493000.00,359890.00,Appliances
P505247,jackpot_JP-13,57420.00,41876.00,Appliances
P505249,"Ricoh_Black Laser SP-210SU (3 in 1)",784740.00,478674.00,Computing
P505269,"Ctees-Black Zip- Up Hoodie-M",26100.00,22678.00,"Kids & Baby"
P505293,Ctees_BH-K-CUP-M,46342.00,37990.00,"Kids & Baby"
P505303,jackpot_JP-959,864200.00,622224.00,Appliances
P505304,ahp_EOS-750D-24.2-MP-Digital-SLR-Camera-Black,4175942.00,2756102.00,Entertainment
P505307,"Ricoh_Black Laser SP-210SF (4 in 1)",936062.00,795644.00,Computing
P505317,Ctees_BH-K-CUP-L,46342.00,31030.00,"Kids & Baby"
P505321,sony_DVP-SR370,233160.00,202826.00,Entertainment
P505326,"jackpot_JP-176 Gold",214600.00,156658.00,Appliances
P505335,"Ricoh_Black Laser SP-4510DN",2485358.00,2236770.00,Computing
P505336,"huawei_Google Nexus 6P-Silver",4176000.00,2505600.00,"Mobiles & Tablets"
P505346,a4tech_Mouse-Optical-USB-OP-720,21402.00,13456.00,Computing
P505349,"SCIFI_SC301PGP-Princess ",21750.00,18676.00,"School & Education"
P505354,kke_SCF690_17-A2P-global-001,67280.00,47734.00,"Kids & Baby"
P505418,Transcend_TS1TSJ25M3E,400142.00,276080.00,Computing
P505615,MEGUIAR_G19216,73776.00,47908.00,Others
P505636,"cr_CASHEW NUT ROASTED-500 GM",52780.00,36366.00,Soghaat
P505708,HOS-M_CKOSM100,208800.00,144072.00,"Beauty & Grooming"
P505931,"Haier_LE 32B8000",1197410.00,1029732.00,Entertainment
P506029,"Dell_DELL 5559-I5",2869840.00,1750556.00,Computing
P506488,"texi tech_Tool Kit 400077",100920.00,81722.00,Computing
P506674,Audionic_B-710-Black,62350.00,47966.00,Computing
P506680,Z&A_ZEES-0139,70180.00,53998.00,Others
P506768,SN_Muzadati-500gm,9860.00,8642.00,Soghaat
P507033,Elan_W-M020,66700.00,44022.00,"Women Fashion"
P507071,BO_ty901-red,103820.00,73660.00,"Kids & Baby"
P507387,nutrifactor_NF002,57420.00,51098.00,"Health & Sports"
P507524,"BFV_Black Friday voucher Rs  1500",87000.00,71340.00,Others
P508011,Alerashine_sku-09-XL,87000.00,60030.00,Others
P508513,BP_TO35624,91350.00,68498.00,"Kids & Baby"
P508629,PNG_Pampers_10003444-Hazir,66120.00,50228.00,Superstore
P508653,"Kenwood_KENWOOD DC INVERTER 5 STAR 1.5 Ton",3764200.00,2446730.00,Appliances
P508685,"Blooming_Round Neck Tees-4-5 Years",40542.00,35670.00,"Kids & Baby"
P509052,swi_LT55,12702.00,11252.00,"School & Education"
P510251,Closet_CL5-M,162400.00,142912.00,"Women Fashion"
P510276,Swatch_YVS420,1096142.00,701510.00,"Men Fashion"
P510509,"GMZV_DualShock 4 Wireless Controller for PlayStation 4 - Jet Bla",278342.00,183686.00,Entertainment
P510854,Samsung_48inchesJ5000,4929942.00,3450942.00,Entertainment
P511174,AmanJee_PB012,1856000.00,1614720.00,"Women Fashion"
P511346,emart_0-66,69542.00,48662.00,"Home & Living"
P511683,BO_topspeedRC-black,278400.00,211584.00,"Kids & Baby"
P511812,"Fidato Ankle High Boot 309-872-42",435000.00,287100.00,"Men Fashion"
P512223,Swatch_SUBM114G,532382.00,361978.00,"Women Fashion"
P512258,alrafa_Ajwa-Dates-400g,74530.00,49184.00,Soghaat
P512707,"RS_Habshi Halwa Tin",15660.00,12992.00,Soghaat
P513146,babywtoy72,266800.00,205436.00,"Kids & Baby"
P513246,medinostic_7080320,69600.00,48720.00,"Health & Sports"
P513373,Paramount_9789694949703,17110.00,12818.00,Books
P513436,Kansai_Auto_Camouflag_Olive,39672.00,27318.00,Others
P513964,HOS_YSLEW90,597400.00,483894.00,"Beauty & Grooming"
P514099,GMZV_PS4-1TB-Slim-Region-2,1923222.00,1711638.00,Entertainment
P514715,Eglo_88816,243600.00,172956.00,"Home & Living"
P515027,audionic_6954217532172,139200.00,115536.00,Others
P515172,"Dawlance_9166WB - MDS",2001000.00,1240620.00,Appliances
P515210,Charizma_DG40,153700.00,135256.00,Others
P515465,Bparcel_60W-SAFE1,200100.00,152076.00,Computing
P516066,"RS_Gulab jaman Tin",25230.00,22678.00,Soghaat
P516629,"CITY_White Shirt Full Sleeves Prep to X-8 - 10 yrs - Size 26",42920.00,36018.00,"School & Education"
P517130,"dawlance_WM-5100 White",597400.00,436102.00,Appliances
P517579,BO_topfastRc-yellow,28420.00,19604.00,"Kids & Baby"
P517819,GMZV_500GB-PS4-Slim-New-Terra,1697370.00,1222060.00,Entertainment
P518083,interwood_HF-12CR-HW-11284,427518.00,316332.00,"Home & Living"
P518458,"Pack of 2 Sohan Almond & Cashew Halwa - 2 kgs",57942.00,35902.00,Soghaat
P518951,"aw_SILICONE MULTI TOOL-",24940.00,18444.00,Others
P519141,Nimcos_Gift-Box-Pack-of-5-Large-1000gm,38918.00,25288.00,Soghaat
P519239,"Elite_Self Balancing Electric Scooter ",1391942.00,1252742.00,"Kids & Baby"
P519736,Swatch_SVCG4000AG,1033502.00,702728.00,"Men Fashion"
P519866,AudionicRex7,98020.00,59740.00,Entertainment
P519917,SNU_MHC16W104,841000.00,681210.00,"Women Fashion"
P520349,"Julbo_ J370122",371780.00,256476.00,"Men Fashion"
P520691,"kansai_Cardinal Red",57710.00,40948.00,Others
P520897,"adenwala_Deal No.3",69600.00,56376.00,Superstore
P521278,oxford_9780195793406,115710.00,82128.00,"School & Education"
P521903,"AM-Dark Turquoise Suit APS-5110-Small",458142.00,357338.00,"Men Fashion"
P522597,"orient_OS-19 MF16 PG-R410a-CS",2813000.00,2362920.00,Appliances
P522671,"Fmate_Delhi Shahi Nehari (Boneless)",16182.00,9686.00,Superstore
P523149,"phub_Hope  by Rasasi 75ml  EDP",59856.00,53824.00,"Beauty & Grooming"
P523515,"crest_Pelikano Junior Fountain Pen",40600.00,35322.00,"School & Education"
P524254,SN_Mabroom400gm,39150.00,25056.00,Soghaat
P524798,NESTLE_Dolce&Coffee_Flavors,870000.00,600300.00,Appliances
P524874,Haier_HRF-355,1971768.00,1360506.00,Appliances
P525763,"dawlance_DW-6500 Grey",997600.00,847960.00,Appliances
P525906,"Progressive_9781472304100 ",27608.00,22040.00,Books
P526005,PHILLIPS_HP8698,257868.00,167562.00,"Beauty & Grooming"
P526181,"Laitalio_Black Harlow Footmark-43",283620.00,181482.00,"Men Fashion"
P526609,RAJESH_RAJ142,115710.00,90248.00,"Home & Living"
P526981,Paramount_9789694948249,17110.00,10556.00,"School & Education"
P527104,sanasafinaz_SS-1A,403100.00,310358.00,"Women Fashion"
P527323,fitn_820103309769,278400.00,167040.00,"Health & Sports"
P527415,"Barico_490 (940387)",104400.00,89784.00,"School & Education"
P527497,stinnos_WoodAlpha,78300.00,58696.00,"Kids & Baby"
P527512,"Baklawa_Mabrooma Pistachio-1Kg",116000.00,83520.00,Soghaat
P527836,"OKM_F-32 Lambs Coat-VISO-38",195170.00,142448.00,"Women Fashion"
P528017,timex_T2P149,725000.00,471250.00,"Women Fashion"
P528036,"Prime_B666- BLACK-M",173942.00,146102.00,"Men Fashion"
P528632,Tmall_MM-DR-PAD,57942.00,45182.00,Others
P529158,cc_Samsung_Galaxy_S8_Plus_Gold,5434600.00,4673756.00,"Mobiles & Tablets"
P529372,"HR_Hara Chiwda 200g",12180.00,10092.00,Soghaat
P530057,"Dynasty_Marvel By Dynasty-Rust",121800.00,97440.00,"Men Fashion"
P530415,PNG_Pampers_10004047-Lahore,58.00,0.00,Superstore
P530521,"SCIFI_Disney Planes Scoop_SC2255PLS",64960.00,54520.00,"School & Education"
P530695,Sigma_5315,165764.00,101094.00,"Health & Sports"
P531159,"Samsung Galaxy S6 Edge Plus",3885942.00,3186462.00,"Mobiles & Tablets"
P531509,P&S_1241,69600.00,52200.00,"Health & Sports"
P531621,"sindbad_Sindbad Gift Card-3",145000.00,118900.00,Others
P531970,haier_HSU-12LK-E8BL,1974610.00,1638906.00,Appliances
P532247,AU_WS017,127020.00,81258.00,"School & Education"
P533137,Jayqeu_BL-01-Red-S,17400.00,14790.00,"Women Fashion"
P533262,Sapphire_US0679,434420.00,295394.00,"Women Fashion"
P533392,BHA_K.E-555-C,538182.00,371316.00,Appliances
P533401,oxford_9780195477115,17400.00,14964.00,"School & Education"
P533532,Sigma_52932,75110.00,55564.00,"Health & Sports"
P533917,HBW_1513072,2899942.00,2609942.00,"Men Fashion"
P534021,"HP_Laser MFP M426fdn (4 in 1) Black",3034038.00,2336182.00,Computing
P534675,"Charizma_CS-11-Parrot Green",374100.00,231942.00,"Women Fashion"
P534748,Haier_HSU-18-HNF,3440850.00,2718228.00,Appliances
P534798,"Lunar Aqua",172260.00,113680.00,Computing
P534877,RB_HouseholdBundle,58058.00,43500.00,Superstore
P534918,ziqi_Zn-1455-BD,50170.00,35090.00,"Kids & Baby"
P535316,Liberty_9780670087648,80910.00,48546.00,Books
P535780,"tr_Pure Natural Longan Honey 1  Kg.",81200.00,59276.00,Soghaat
P536105,fitn_834266001552,232000.00,201840.00,"Health & Sports"
P536415,"Khouzh_KCS-03-10 to 12 M",66700.00,44022.00,"Kids & Baby"
P536443,UnzeLondon_CS11223-35,57942.00,49822.00,"Kids & Baby"
P537025,mab_HQ-Advance,12760.00,10962.00,"School & Education"
P537345,GA_PM-170-136205,464000.00,408320.00,"Women Fashion"
P537639,liberty_9781409507161,31900.00,21982.00,Books
P538125,"Careem_50000 Credits",2030000.00,1502200.00,Others
P538399,"Apple iPhone 6 Plus (64GB) Gold",5596942.00,3470082.00,"Mobiles & Tablets"
P538428,Assetboys_MD-1340-B-5Y,145000.00,95700.00,"Kids & Baby"
P539142,cc_samsung_G935F-Blue,3614560.00,2530192.00,"Mobiles & Tablets"
P539895,JT_W-11,237800.00,171216.00,"Men Fashion"
P540005,mdeal_DMC-265-10,58000.00,49880.00,"Men Fashion"
P540013,"dawlance_Inverter 30",3593680.00,3054628.00,Appliances
P540895,"RMSON_TM0389 MW BK",970050.00,708122.00,"Men Fashion"
P540957,MEGUIAR_G14512,62698.00,40716.00,Others
P541340,"TBG_AV-S-047-Golden & White",939600.00,620136.00,"Women Fashion"
P543201,Paramount_9789694948720,9744.00,8352.00,"School & Education"
P543601,Paramount_9789694947679,20010.00,12992.00,Books
P544078,"Apple iPhone 6S Plus 64GB",6321942.00,4551782.00,Computing
P544140,HOS-m_RLSAFM125,510400.00,413424.00,"Beauty & Grooming"
P544594,"GMZV_Xbox One PAL-500GB - Black",1421000.00,895230.00,Entertainment
P544919,PlanetX_PX-9177,75400.00,47502.00,"Kids & Baby"
P544948,HOS-m_CPDOMM80,438770.00,394864.00,"Beauty & Grooming"
P545027,"RUBD_HSU-18 LTE 1.5 Ton AC",2710050.00,1761518.00,Appliances
P545161,MEGUIAR_G10307,81200.00,56028.00,Others
P545356,casio_GAC-110-1ADR,684400.00,602272.00,"Men Fashion"
P545511,BO_funballs-CR-100,219820.00,175856.00,"Kids & Baby"
P545689,Akl_GFSU1270_Beige-L,394168.00,327120.00,"Women Fashion"
P545776,"UK_Namkino Mix Nimco 8 Pcs Gift Pack",44080.00,26448.00,Soghaat
P546485,GA_PM-139-120534,725000.00,442250.00,"Women Fashion"
P546750,"ARY Jewellers_1 Gram Millat Gold Coin --Lahore",290000.00,194300.00,"Women Fashion"
P546879,stinnos_701,72500.00,65250.00,"Kids & Baby"
P547091,"RS_Coconut Bites",8120.00,6902.00,Soghaat
P547290,"HTC_DESIRE 628",1391942.00,974342.00,"Mobiles & Tablets"
P547814,"VPN_VPN 202H",127600.00,89320.00,"Health & Sports"
P547834,timex_T2P517,399040.00,323176.00,"Men Fashion"
P548239,"infinix_Note 2 Grey",928000.00,705280.00,"Mobiles & Tablets"
P548573,oxford_9780199069194,26100.00,23490.00,"School & Education"
P548597,P&P_9695420176,23142.00,14094.00,Books
P548795,"Ref_Frankfort 2065-Soya-43",162110.00,113448.00,"Men Fashion"
P549363,Kenwood_KLV-1815,2610000.00,2218500.00,Appliances
P549626,edukaan_201537,57072.00,38222.00,"Kids & Baby"
P549712,"vitamin_MOMMoments Gold Delay",69600.00,57072.00,"Health & Sports"
P549805,"greenroot_Weight plus",87000.00,54810.00,"Health & Sports"
P549870,liberty_9781450860482,57710.00,50750.00,Books
P551178,Paramount_9781444146509,115710.00,92568.00,"School & Education"
P551274,ahsaarn_BN-004,145000.00,102950.00,"Health & Sports"
P551746,"GMZV_PS4 Pro 1TB - Region 2",3052830.00,2594862.00,Entertainment
P551831,Tmall_MM_Bowls_Set_Pk5_Blue,28942.00,18792.00,"Home & Living"
P551837,"greenroot_Oil For Oily Hair",69600.00,57768.00,"Beauty & Grooming"
P552089,"Lunar Boom Bt",198360.00,140824.00,Computing
P552342,"Harry Potter and The Cursed Child-Hazir-Karachi",110200.00,79344.00,Books
P552489,Bata_Bfirst-3511015-28-10,46342.00,40774.00,"School & Education"
P553225,Paramount_9780141038247,63510.00,56492.00,Books
P553348,BBS_ClimbCarRed,101500.00,90306.00,"Kids & Baby"
P553953,cc_Samsung_Galaxy_S8_Plus_Gray,5434600.00,4238988.00,"Mobiles & Tablets"
P554192,PucaM_COOPER-BLACK-43,185600.00,144768.00,"Men Fashion"
P556422,"Nuraiwomen_MD-817 -12(L)",182700.00,153468.00,"Women Fashion"
P556615,JBS_IFAM-009,98020.00,84274.00,Others
P556912,"Prime_H-9- BLACK-2XL",231942.00,143782.00,"Men Fashion"
P557021,"phub_Boss Bottled Night ",435000.00,334950.00,"Beauty & Grooming"
P557054,"emart_Tyre Shape Air Compressor",115942.00,74182.00,Others
P557143,Transcend_TS32GSDU1,133342.00,86652.00,Computing
P557207,"rs_Rehmat-e-Shereen Mix Halwa 2000gm",118320.00,74530.00,Soghaat
P557705,IKEA_50139877,264480.00,224808.00,"Home & Living"
P557706,BP_PS26930,13050.00,8584.00,"School & Education"
P557788,LS_8429671350559,196910.00,118146.00,Superstore
P558272,BO-paintings_MHS33-FIG,690200.00,455532.00,"Home & Living"
P559130,Base_1607,89900.00,72790.00,"Health & Sports"
P559249,Bparcel_45W-SAFE1,188500.00,163966.00,Computing
P560106,interwood_HF-01NOR-MW-40672,1218000.00,913500.00,"Home & Living"
P560382,EtrierW_MT21-L,55042.00,42920.00,"Men Fashion"
P561216,liberty_9780062060242,75110.00,63800.00,"School & Education"
P561307,"AL Khair_Baby Oil 50ml",9570.00,8004.00,Others
P561696,UC_orange-XL,37700.00,25984.00,Others
P561991,"apple_MACMINI 1.4 GHZ DUAL CORE i5",4002000.00,3241620.00,Computing
P562235,redspot_9810477198,31900.00,23896.00,"School & Education"
P562355,jn_900g,31900.00,23896.00,Superstore
P562441,"GFC_Ceiling Nabeel",207582.00,147378.00,Appliances
P562680,mva_Pack-of-Two-Figs-(Injeer)-250-gm,29580.00,20358.00,Soghaat
P562906,"Ref_Track 2049-Black -43",191110.00,158572.00,"Men Fashion"
P562975,vitamin_XTEND-Bundle,116000.00,96280.00,"Health & Sports"
P563405,edifier_XM6-PF,459940.00,344926.00,Computing
P563834,iphone_7-plus-32gb-wof-Gold,4858660.00,3255250.00,"Mobiles & Tablets"
P563852,GA_PM-137-136187,468408.00,327874.00,"Women Fashion"
P564043,"RS_Rehmat-e-Shereen Mix Mithai",55100.00,33060.00,Others
P564448,"dawlance_DWF-1600A White",2047400.00,1351284.00,Appliances
P564520,"edukaan_7067-A4 - 5 Subjects",14674.00,9976.00,"School & Education"
P564521,PlanetX_PX-9145,225620.00,182700.00,"Kids & Baby"
P564570,Lacie_STEX6000300-6TB,3045000.00,2101050.00,Computing
P564600,"edukaan_7013-A4 - 300 Pages",16298.00,13688.00,"School & Education"
P564642,"Blooming_Round Neck Tees-8 to 9 Years",40542.00,29580.00,"Kids & Baby"
P564918,FL_FL-05P,139200.00,89088.00,"Home & Living"
P565072,"Baklawa_Anjeer Pak-1Kg",81200.00,54404.00,Soghaat
P565126,"BParcel_USB to VGA 3.0-BLUE",78300.00,55564.00,Computing
P565511,Senorita_KAS-741-RED-30,130210.00,102834.00,"Kids & Baby"
P566063,rute2_3450,124758.00,77314.00,"Health & Sports"
P566146,HOS_HBFW75,253924.00,177712.00,"Beauty & Grooming"
P567276,"madela_MINI ELECTRICBREASTPUMP",822150.00,715256.00,"Kids & Baby"
P567342,fitn_834266001583,220400.00,160892.00,"Health & Sports"
P567399,"liberty_Brown Zipper Jacket for Boys / Girls-16 yrs - above - Si",49880.00,43384.00,"School & Education"
P568120,sehgalmotors_4960,225330.00,184730.00,Superstore
P568444,"RS_Sohan Halwa Tin",17400.00,15660.00,Soghaat
P568561,LC_8002135125995,292900.00,246036.00,"Beauty & Grooming"
P568878,oppo_OPPO-F1-Plus-Gold,2314200.00,1781934.00,"Mobiles & Tablets"
P569750,"emart_Magic Hose Pipe 75 Ft",61654.00,51156.00,"Home & Living"
P569845,Cherrys_SK-542-L,223300.00,167446.00,"Men Fashion"
P569905,hop_ANKM33,377000.00,286520.00,"Beauty & Grooming"
P570039,sinbo_7052,121220.00,81200.00,"Beauty & Grooming"
P570963,"Kansai_Cleaner_Dry PTEF",68150.00,49706.00,Superstore
P571622,Dawlance_Inspire-Plus-Inverter-15-Champagne,2774836.00,2414076.00,Appliances
P572291,clickbuscollection_nwc-29-Maroon,56840.00,43152.00,Others
P572361,"Turk & Fillmore_Super Natural I-brown-46",1885000.00,1677650.00,"Men Fashion"
P572454,Getit_Joy,217500.00,158746.00,"Men Fashion"
P572848,BP_PS25067,11194.00,6902.00,"School & Education"
P572907,lenovo_20EV0002UE,4090508.00,2740616.00,Computing
P572956,liberty_9780241955413,46110.00,35960.00,Books
P573156,Omron_HBF-508-E,589570.00,377290.00,"Health & Sports"
P573192,Delsey_223955600,783000.00,642060.00,"Home & Living"
P573530,"ST-PETER-Light Grey Elastic Pant-8 - 9 yrs - Size 32",30160.00,21112.00,"School & Education"
P573715,tmx_wtch_T2N533,521942.00,407102.00,"Women Fashion"
P573739,"BE_REMINGTON - S0999-86",84970.00,73892.00,"Beauty & Grooming"
P573882,Ifitness_Mini-Bike,435000.00,382800.00,"Health & Sports"
P574221,"Fmate_Moong Daal Halwa",14442.00,10962.00,Superstore
P574545,"cr_AJWA DATES (400 GM)",59450.00,45762.00,Soghaat
P574659,CL98_gree_12CZ8,1943580.00,1438226.00,Appliances
P574816,"iphone_7-plus-32gb-wof-Matt Black",4858660.00,3546816.00,"Mobiles & Tablets"
P574961,KI_bedsheet-2052mkmsbwbs,78822.00,69310.00,"Home & Living"
P575285,liberty_9788129120946,46110.00,39614.00,Books
P575528,MoosaE_LD005,92800.00,56608.00,"Home & Living"
P575871,sitara_LRTW09-MDM-MIX-M,147900.00,106488.00,"Men Fashion"
P575883,AKL_A131128715_SS-127_Purple,319232.00,248994.00,"Women Fashion"
P576087,"samsung_ EO-EG920BW_76",86420.00,69136.00,Computing
P576253,ALK_FC-04-17-A131140045,522000.00,412380.00,"Women Fashion"
P576464,Zia_147P,8700.00,7308.00,Books
P576603,ISN_Concentrated-Vanilla-2lbs,290000.00,223300.00,"Health & Sports"
P577211,"Rajesh_Multicolor Talk Back Parrot Toy",46400.00,32016.00,"Kids & Baby"
P577535,"Atalian _Ex64-Black-44",260710.00,195518.00,"Men Fashion"
P577811,SN-SP_Ajwa_800gm,156600.00,108054.00,Soghaat
P578132,"vitamin_Ultra Slim  Plus Economy",130500.00,97846.00,"Health & Sports"
P578752,Sapphire_US0410,342200.00,304558.00,"Women Fashion"
P578899,HP_Printer-2135,357860.00,311286.00,Computing
P579281,Relaxsit_RS-62,214600.00,165242.00,"Home & Living"
P579577,coleman_205475,220400.00,141056.00,"Home & Living"
P579921,"MACBOOK PRO 13-INCH 2.7GHZ",8700000.00,5481000.00,Computing
P580534,Base_3671,156600.00,106488.00,"Health & Sports"
P580686,stinnos_A134,95642.00,77430.00,"Kids & Baby"
P580767,liberty_9780755352944,28710.00,18908.00,Books
P581285,liberty_9788172342395,7250.00,4524.00,Books
P581513,Arino_PS-001-Black-40,243600.00,197316.00,"Men Fashion"
P582180,SNU_NA16E2-04,841000.00,529830.00,"Women Fashion"
P582225,GA_CT-204-136125,285476.00,182700.00,"Women Fashion"
P582672,"M&M_Deal 1",66700.00,58000.00,"Beauty & Grooming"
P583069,SNU_Es16e2-02,635100.00,419166.00,"Women Fashion"
P583575,"Posh_Black Double Collar -14.5",77894.00,57594.00,"Men Fashion"
P583579,GFE_16_FullHDcarDVR,107010.00,83462.00,Superstore
P584603,huawei_p10-Blue,3480000.00,2784000.00,"Mobiles & Tablets"
P584875,Posh_CS0073-17,73544.00,59566.00,"Men Fashion"
P585010,"phub_Light Blue  by Dolce & Gabbana 100ml EDT",359136.00,308850.00,"Beauty & Grooming"
P585250,Head_811075-L,269700.00,226548.00,"Men Fashion"
P586206,"Rajesh_Blue Car Emergency Tow Chain",65540.00,44544.00,Others
P586554,Rajesh_RAJ225,46342.00,41238.00,"Beauty & Grooming"
P587114,mdeal_DMC-610-8,86942.00,65192.00,"Men Fashion"
P587192,dawlance_91996-Cs,3236400.00,2524392.00,Appliances
P587286,DR_DRPC046-11,156542.00,126788.00,"Men Fashion"
P587474,"Trans2_LW 999 ",464.00,290.00,Others
P587495,InfinixNote3-2GB-Grey,1078742.00,906134.00,"Mobiles & Tablets"
P587885,"SCIFI_Disney Beauty_SC3334SIP",24070.00,21170.00,"School & Education"
P588293,"EP_1200 1 KVA",1624000.00,1234240.00,Appliances
P588707,liberty_9781843322924,57710.00,46690.00,Books
P589410,Paramount_hazir_9781910561324-Islamabad,144710.00,124410.00,Books
P589607,"Fmate_Sarson Ka Saag",10382.00,8990.00,Superstore
P589695,Bose_626237-0020,957000.00,717750.00,Computing
P589810,JBS_OXO-081,54810.00,36714.00,"Home & Living"
P590494,liberty_9780804125987,133110.00,94482.00,"School & Education"
P591007,cc_samsung_A520-Gold,2170534.00,1801538.00,"Mobiles & Tablets"
P591213,"Chk_Buy 1 Get 1 Free: Mango Chutney 330 gms",14500.00,11600.00,Superstore
P591474,"samsung_Samsung Galaxy J7 PRIME 2016-Gold",1943000.00,1515540.00,"Mobiles & Tablets"
P591586,Transcend_TS2TSJ25H3P,579942.00,458142.00,Computing
P591789,"Khouzh_KKAS-02-13 to 15 M",63800.00,40832.00,"Kids & Baby"
P592090,Timex_A503,231942.00,143782.00,"Men Fashion"
P592155,RBC_9789694073006,40310.00,24940.00,Books
P592314,"samsung_Grand Prime Plus-Silver",928000.00,603200.00,"Mobiles & Tablets"
P592952,"plk_FWI/ 959 080_11",4638840.00,3293530.00,"Men Fashion"
P593051,Base_1847,147900.00,127194.00,"Health & Sports"
P593794,MVA_Deal1_ajwa,43500.00,26506.00,Soghaat
P594027,"Fmate_Chicken Tandoori Boti",17342.00,10904.00,Superstore
P594075,"Q Mobile E-300",160080.00,108808.00,Others
P594416,"aw_DECAL and ADHESIVE REMOVER-12 oz.",19720.00,16356.00,Others
P594703,guess_W0289L1,939600.00,676512.00,"Women Fashion"
P594912,"sanasafinaz_march16_16A-Nationwide Delivery",312446.00,206190.00,"Women Fashion"
P595078,"TCB_Supreme GD 005-M",174000.00,127020.00,"Men Fashion"
P595878,liberty_9780746060414,34510.00,23084.00,Books
P595952,"texi tech_Bay Mount Card Reader 100915",57420.00,41876.00,Computing
P596008,danielk_DK10947-2-Navy,382742.00,344462.00,"Women Fashion"
P596093,AKL_A131131287_FC-06,219414.00,179916.00,"Women Fashion"
P596142,HOS_JPGCW100,469800.00,413424.00,"Beauty & Grooming"
P596373,"GA_Persian Red T-200 - 133785",142100.00,105154.00,"Home & Living"
P596467,HAS_1030,612248.00,544852.00,Entertainment
P597694,vitamin_230,145000.00,92800.00,"Health & Sports"
P598076,Lala_1151004100094-SCB-09,173420.00,124816.00,"Women Fashion"
P598655,Paramount_9789694949888,28710.00,25520.00,Books
P598688,"M&M_Deal 2",111360.00,89088.00,"Beauty & Grooming"
P599034,B-power_8281076-42,144942.00,99992.00,"Men Fashion"
P599178,BB_KIDSHD_HORS,46342.00,31030.00,"Kids & Baby"
P599197,GA_PM-143-136189,351306.00,238844.00,"Women Fashion"
P599552,liberty_9789383260911,57710.00,38628.00,Books
P599612,Aladdin_BBQ_Skewers_6,51562.00,43268.00,"Home & Living"
P600084,nutrifactor_NF0031,81200.00,61712.00,"Health & Sports"
P600326,"Samsung_S7 Edge-Gold",3632192.00,2397198.00,"Mobiles & Tablets"
P600664,kke_SCF56617,78010.00,50692.00,"Kids & Baby"
P600924,PlanetX_PO-9005,34742.00,28130.00,"Kids & Baby"
P600996,Bata_Bfirst-3516072-27-9,43442.00,38628.00,"School & Education"
P601424,BO_shovel-truck-orange,16820.00,12934.00,"Kids & Baby"
P601500,progressive_9780007865178,7250.00,6206.00,Books
P601772,"psl_ps_Signed By Afridi-M",52200.00,43848.00,"Men Fashion"
P601912,YNG_YSD-908-BL-40,115942.00,69542.00,"Men Fashion"
P602409,UnzeLondon_GS4354-9,173710.00,135488.00,"Men Fashion"
P602715,GA_PM-157-136194,464000.00,320160.00,"Women Fashion"
P603122,"Trans2_LW 21Ã‚Â ",98310.00,81548.00,"Kids & Baby"
P603396,stinnos_1569,48720.00,37990.00,"Kids & Baby"
P603633,"GA_Dewberry T-200 - 133696",77140.00,50112.00,"Home & Living"
P604177,"lalqila_Mughlai Pasandy-850gm",49880.00,29928.00,Superstore
P604374,emart_0-56,121742.00,76676.00,"Home & Living"
P605311,redspot_9789696230212,27260.00,19894.00,"School & Education"
P605612,RAJESH_RAJ230,207350.00,182468.00,Others
P605642,Timex_TW00PR205,584930.00,491318.00,"Men Fashion"
P605774,"StPat_Belt Pant_14 - 15 yrs-Size 40/34",38280.00,24070.00,"School & Education"
P605824,PlanetX_PX-9127,127600.00,108460.00,"Kids & Baby"
P605927,st_PX008,63800.00,53592.00,"Home & Living"
P605963,stinnos_DressingSet1,276660.00,240642.00,"Kids & Baby"
P606034,"herbion_Verona X Capsules 10 s",49300.00,40426.00,"Health & Sports"
P606727,PNG_Pampers_10003447-Lahore,58.00,0.00,Superstore
P606949,SFEVER_IS380HB08VI1WNAFAMZ,754000.00,467480.00,"Beauty & Grooming"
P607083,"R&I_HGR 2.8 KVA D",2117000.00,1397220.00,Appliances
P607215,Lunarl-500,417600.00,325728.00,Computing
P607429,RAJESH_RAJ193,154802.00,131544.00,Appliances
P607459,Base_26842,173420.00,110954.00,"Health & Sports"
P607593,Haier_HSU-12LKE,2060450.00,1256860.00,Appliances
P607644,sehgalmotors_6508,547230.00,388484.00,Superstore
P608043,"Sony_DZ 950",2232942.00,1942652.00,Entertainment
P608109,HOS-m_AZZLEGM100,172550.00,122496.00,"Beauty & Grooming"
P608125,"Audionic_ECCO AH-715",22620.00,19662.00,Computing
P608322,"Life source_YD-23",135024.00,97208.00,"Health & Sports"
P609053,"RMSON_TM4254R MW BK",1139700.00,1002936.00,"Men Fashion"
P609900,Rajesh_RAJ55,44660.00,33466.00,"School & Education"
P610445,PNG_pampers_10004049-Hazir,102660.00,89262.00,Superstore
P610802,emart_White-&-Blue-Insect-Killer,26042.00,18444.00,"Home & Living"
P611114,"Samsung_Samsung 40 Inch J5000 Full HD LED TV",2783942.00,2338502.00,Entertainment
P611179,Paramount_9789696372639,57710.00,42688.00,Books
P611672,Haier_HPU-48CO3,7368900.00,6558292.00,Appliances
P612273,GA_CT-186-136050,348000.00,267960.00,"Women Fashion"
P612684,"dynasty_Snow Berry-White",191400.00,128238.00,"Men Fashion"
P612729,Planet-T_PT026144,200100.00,178060.00,"Kids & Baby"
P613497,"CITY_White Kameez-13 - 14 yrs - Size 38",43500.00,28246.00,"School & Education"
P614189,Tehzeeb_123-E,34742.00,25694.00,"Women Fashion"
P614218,AZD_HSU-12-HNB-DC-INVERTER-1-TON,2594630.00,1971884.00,Appliances
P614325,rhythm_C1303L-02,1026542.00,810956.00,"Men Fashion"
P614583,"Infinix Note 3-3 GB-Gold",1194742.00,1027470.00,"Mobiles & Tablets"
P614593,"Turk & Fillmore_Super Natural I-brown-45",1885000.00,1319500.00,"Men Fashion"
P615046,"Dawlance_DW-540 AF",1322400.00,1071144.00,Appliances
P615309,H2_MODRSBlack-Black-S,173942.00,109562.00,"Men Fashion"
P615379,"Truck Art Porcelain Mug M2",69600.00,41760.00,"Home & Living"
P615615,HAS_Remax-WA-S06,46284.00,41644.00,"School & Education"
P616077,"Audionic_Mehfil MH-20",359600.00,269700.00,Entertainment
P616114,emart_0-65,86942.00,65192.00,"Beauty & Grooming"
P616244,Timex_TI000U90100,273760.00,177944.00,"Men Fashion"
P616334,"plk_FWI/ 953 620_8",4638840.00,4128556.00,"Men Fashion"
P616386,sinbo_4615,185020.00,116522.00,"Health & Sports"
P616707,BO_66106,203000.00,160370.00,"Home & Living"
P616714,"dawlance_Toscana30 INVERTER 1.5 Ton AC",4216600.00,3246782.00,Appliances
P616812,"UK_Gulab Jamun Tin Pack  1000 Gms",30160.00,21982.00,Soghaat
P617883,"Getiit_J 101",289942.00,234842.00,"Men Fashion"
P618464,"Monocruiser_JY D03",551000.00,468350.00,"Kids & Baby"
P618516,"Dawlance 91996 HZ H-Zone Plus 18 cu ft Refrigerator",2818800.00,1916784.00,Appliances
P618876,"head_273004-UK 10",370620.00,274224.00,"Men Fashion"
P618968,"Fmate_Tawa Fry Fish/Chicken Batter Mix",11542.00,7018.00,Superstore
P619109,SNU_SairaRizwanSR16W05,510400.00,326656.00,"Women Fashion"
P619158,zubairco_3d_bug,86130.00,71456.00,"School & Education"
P619306,GMZV_1005,347420.00,215354.00,Entertainment
P619315,"vitamin_Breast Enlargement",43500.00,37410.00,"Beauty & Grooming"
P619324,Samsung_Galaxy_S8_Plus_Black,5626000.00,4782100.00,"Mobiles & Tablets"
P619707,AMT_AMT-6487,521420.00,396256.00,Entertainment
P620186,Pzalmi_FS-1-XL,260942.00,161762.00,"Men Fashion"
P620394,"West Point_WF-7901GL",238786.00,143260.00,Appliances
P620701,"samsung_51 H4500_clear",1943000.00,1729270.00,Entertainment
P621393,"sanasafinaz_march16_9A-Nationwide Delivery",312446.00,187456.00,"Women Fashion"
P621889,lamart_LMZ019,177364.00,127658.00,"Home & Living"
P622376,Planet-T_PT007959,131950.00,88392.00,"Kids & Baby"
P622378,AYS_32-32G6530,1195902.00,1076306.00,Entertainment
P622474,sony_CMT-S20,580000.00,371200.00,Entertainment
P622895,Rajesh_RAJ0392,77720.00,59798.00,Computing
P623284,ABT_B175,57942.00,46922.00,Computing
P623453,"dawlance_91996 - H-ZONE PLUS Refrigerator with Dawlance MD-5 20L",3026150.00,2511690.00,Appliances
P623975,Bata_Bfirst-2891015-28-10,31842.00,23838.00,"School & Education"
P624168,ahp_EOS-1300D-DSLR-Black,2319942.00,1879142.00,Entertainment
P624366," Huawei Mate 8",3189942.00,2360542.00,"Mobiles & Tablets"
P624876,"FHM_26SANTAM LAYER TABLE",1450000.00,1261500.00,"Home & Living"
P624937,Samsung_Galaxy_S8_black,5046000.00,3734040.00,"Mobiles & Tablets"
P624971,culzado_AXIS-41,580000.00,394400.00,"Men Fashion"
P624973,emart_00-4,74240.00,46748.00,"Beauty & Grooming"
P624990,"hijabh_0116-BD (2)-56x",261000.00,190530.00,"Women Fashion"
P625189,SN_ajwa400gm,50460.00,40832.00,Soghaat
P625909,HOS_DNGPF100,400200.00,292146.00,"Beauty & Grooming"
P626248,"Apple iPad Air 2 16 GB 4G",3440850.00,2546200.00,"Mobiles & Tablets"
P626363,"Loreal_Revitalift Laser X3 Integeral Care Day, Anti Wrinkle & An",181192.00,110490.00,"Beauty & Grooming"
P626911,"SCIFI_Hannah Montana_SC5811HT",36250.00,26100.00,"School & Education"
P627630,sehgalmotors_67036,115884.00,104284.00,Superstore
P628256,AYS_32-32u561,1154142.00,888676.00,Entertainment
P628437,Enviro_EAC-12,1822766.00,1239460.00,Appliances
P628602,Arino_BD-061-Brown-45,243600.00,148596.00,"Men Fashion"
P628801,"snap_Snap Home-care Kit",60900.00,52954.00,Superstore
P629047,HAS_2004,86130.00,68034.00,Computing
P629203,MEGUIAR_M0716,88160.00,63452.00,Others
P629434,"coleman_Marine White Cooler 70QT",580000.00,522000.00,"Home & Living"
P629836,"plk_DWI/ 941 344_76",413540.00,248124.00,"School & Education"
P630072,"sst_preservatif-Regular fit-Large",90480.00,70528.00,"Men Fashion"
P630183,"BParcel_TOUCHPAD S1-BLACK",150800.00,120640.00,Computing
P630615,"Zia_hs21 to 29",843900.00,531628.00,Books
P631722,ST_M8820_73,409422.00,315230.00,Appliances
P632086,SMA_CSV-SM,86942.00,69542.00,Superstore
P632123,SFEVER_GU378HB18MA4KNAFAMZ,411800.00,345912.00,"Beauty & Grooming"
P632194,"GA_CL-244 A-136021",165300.00,130558.00,"Women Fashion"
P633207,SanaSafinaz_SS-6A,403100.00,298294.00,"Women Fashion"
P633273,"mitsubishi_1.5 ton SRC 18CLK-CS",3456800.00,2834576.00,Appliances
P634184,ziqi_Zn-808,74240.00,50460.00,"Kids & Baby"
P634260,"scent_CALVIN KLEIN FRESH 75ML",594500.00,362616.00,Others
P634281,Trendz-TR-0340,37120.00,22620.00,"Kids & Baby"
P634306,liberty_9788129116970,69310.00,59566.00,Books
P634439,emart_0-47,92742.00,77894.00,"Home & Living"
P634801,"Honda_Bike CD 70 - Black",3683000.00,2578100.00,Superstore
P635177,"Julbo_ J4512014",325380.00,221212.00,"Men Fashion"
P635238,rehaab_RJ160051,157528.00,108692.00,"Women Fashion"
P635777,"BO_5 Ft Sunset Glow Baby Swimming Pool",98020.00,67628.00,Others
P636330,BP_TO27616,162226.00,108634.00,"Kids & Baby"
P636413,Egala_EGA-12CTS-M-M,156542.00,98600.00,"Men Fashion"
P637134,liberty_9780140296495,63510.00,47618.00,Books
P637388,Liberty_9788174368942,46110.00,28072.00,Books
P638550,"TKS_m969-8-10 Years",115942.00,85782.00,"Kids & Baby"
P639145,progressive_9780470290309,179916.00,109736.00,"School & Education"
P639158,Paramount_9789696371168,28710.00,18038.00,"School & Education"
P639318,"prime_T11-GR Black-M",231942.00,146102.00,"Men Fashion"
P639388,UG_WP1,17864.00,12644.00,"School & Education"
P639882,BP_PS11204,21750.00,13050.00,"School & Education"
P639901,JBS_WEN-015,95700.00,65076.00,"Home & Living"
P640071,"Apple iPhone 6S 128GB",6321942.00,4235682.00,Computing
P640140,"FHM_DEEP RUST",2784000.00,2171520.00,"Home & Living"
P640216,"kansai_Frosted Glass",50750.00,38048.00,Others
P640891,redspot_9789810445210,53360.00,36250.00,"School & Education"
P641022,"Fmate_Shish Taouk Dry Marinade",11542.00,8062.00,Superstore
P641317,"Moulinex _A320",327700.00,271962.00,Appliances
P641587,bed&rest_S7,52142.00,39092.00,"Home & Living"
P641796,"UK_Kala Jamun Tin Pack 1000 Gms",30160.00,19894.00,Soghaat
P642212,Logitech_LogitechK400Plus,238380.00,200216.00,Computing
P642353,coolBell_CB-6605-Beige,123308.00,104806.00,Computing
P642461,ME_Double-Akhroat-Multani-Sohan-Halwa-1kg,40600.00,29232.00,Soghaat
P642572,stinnos_901,140882.00,126788.00,"Kids & Baby"
P642750,"PucaM_Pagan -Grey -45",191400.00,162690.00,"Men Fashion"
P642957,"sanasafinaz_march16_10A-Nationwide Delivery",271614.00,162922.00,"Women Fashion"
P643146,"STBB_Sindh Text Book Syllabus Class 2",17052.00,11716.00,"School & Education"
P643349,audionic6-954217-564364,45820.00,32074.00,Entertainment
P643639,stripyinterior_100006,98020.00,88218.00,Others
P644100,Paramount_9789694945828,37410.00,22794.00,Books
P644527,Timex_TW2P90900,376130.00,312156.00,"Men Fashion"
P644690,BP_FA04114,319000.00,271150.00,"Kids & Baby"
P645170,MartWart_ND-001,37700.00,24476.00,"Home & Living"
P645210,cc_Huawei-Mate-9-Grey,3624942.00,2682442.00,"Mobiles & Tablets"
P645340,"BParcel_Q7S WITH Webcam 2G+8G-BLACK",411800.00,333558.00,Computing
P645684,Timex_TW0TG5904,197780.00,152250.00,"Men Fashion"
P645865,"phub_Pure Pioson  by Christian Dior 100ml EDP",742400.00,460288.00,"Beauty & Grooming"
P646000,Uni-Lipton-deal,48894.00,30276.00,Superstore
P646108,AKL_A131128708_SS-8_Pink,346550.00,266800.00,"Women Fashion"
P646356,Liberty_9780670088461,69310.00,54752.00,Books
P646568,"phub_Armani 100ml  EDT ",458896.00,380828.00,"Beauty & Grooming"
P647071,edukaan_201314,151554.00,92394.00,"Kids & Baby"
P647365,"GS_BH025-6-7 Years",115710.00,94830.00,"Kids & Baby"
P647494,audionic_6954217598857,139200.00,114144.00,Others
P647894,UnzeLondon_GS5682-11,127310.00,89088.00,"Men Fashion"
P647916,"stripyinterior_Ludo Rug",83346.00,61654.00,"Home & Living"
P647935,"R&I_eIcon Series 12000BTU",2067120.00,1240272.00,Appliances
P648324,"coleman_Blue Cooler Combo 54QT",524900.00,425140.00,"Home & Living"
P648650,Sigma_54919,189486.00,147784.00,"Health & Sports"
P649274,fitn_2730413,203000.00,121800.00,"Health & Sports"
P649604,"geha_ X 5 Paper Shredder",376188.00,293422.00,"School & Education"
P649809,"yamaha_EF2600FW (SELF)",4698000.00,3523500.00,Appliances
P650191,sanasafinaz_SS-3A,403100.00,290232.00,"Women Fashion"
P650306,HAS_Remax-Navigation,51098.00,36250.00,"School & Education"
P650393,AKL_A131135302-FW-11-Yellow,377000.00,312910.00,"Women Fashion"
P650546,B_power_4082296-37,127542.00,112230.00,"Kids & Baby"
P650552,shubinak_SWS14-JAK-1017-M,696000.00,501120.00,"Women Fashion"
P651526,Relaxsit_RS-70,348000.00,254040.00,"Home & Living"
P651613,HOS_DVFCWW100,174000.00,109620.00,"Beauty & Grooming"
P652031,Samsung-Galaxy-S8-G955-Plus-Black,5170642.00,4033088.00,"Mobiles & Tablets"
P652203,"4U_Service-KA 008",27550.00,23664.00,"School & Education"
P652253,Rubian_alphatronix-7019-1926235-1-zoom,75342.00,49706.00,"Kids & Baby"
P652582,"SCIFI_Disney Music_SC39808",23780.00,20184.00,"School & Education"
P652660,sanasafinaz_SS-12A,379900.00,246906.00,"Women Fashion"
P653253,Sapphire_US0421,171100.00,143724.00,"Women Fashion"
P653362,"corio_C 101315-42",377000.00,252590.00,"Men Fashion"
P653370,duma_4561253300294,26042.00,18734.00,Others
P654052,"shubinak_SWWF14-Kurta-011-M - 36",377000.00,301600.00,"Women Fashion"
P654166,AmanJee_PB018,1856000.00,1336320.00,"Women Fashion"
P654537,Homeage_HWM-920,649600.00,487200.00,Appliances
P654599,Relaxsit_RS-68,336400.00,232116.00,"Home & Living"
P655338,Base_4350,173420.00,133516.00,"Health & Sports"
P655376,barico_BS013-Large,74646.00,60436.00,"School & Education"
P655918,"coleman_Red Excursion Cooler 9 QTR",153700.00,116812.00,"Home & Living"
P656037,"majestic_15 Pc Cookware Set - Burgandy",339300.00,206944.00,"Home & Living"
P656200,"RMSON_TL0390 MG BK",869942.00,782942.00,"Men Fashion"
P656257,"Omega_Omega_9Pcs Non-Stick Cookware Set",185600.00,115072.00,"Home & Living"
P656351,"baklawa_Baklava Mix Chocolate Sweets 1Kg",92800.00,83520.00,Soghaat
P656714,Xiaomi-Redmi-4x-BLACK,1096200.00,745416.00,"Mobiles & Tablets"
P657057,BP_SP33584,30450.00,22214.00,"Kids & Baby"
P657059,"sanasafinaz_march16_12A-Nationwide Delivery",312446.00,231188.00,"Women Fashion"
P657518,Bata_Power-8386003-42-8,173942.00,144362.00,"Men Fashion"
P657668,tram_TT20540616,74240.00,60842.00,"Home & Living"
P657720,sstop_etable,142970.00,102892.00,Computing
P657840,babyw_BF-804B,6380.00,4060.00,"Kids & Baby"
P657861,"mm_Samsung Galaxy Note Edge N915",5162000.00,3819880.00,"Mobiles & Tablets"
P657864,"hijabh_0121-C-752 (1)-56",403100.00,245862.00,"Women Fashion"
P657906,"cr_RAISIN SUNDER KHANI-500 GM",27260.00,20706.00,Soghaat
P657942,Panasonic_Black-32-Inches-LED,1275420.00,1084078.00,Entertainment
P658046,"american_tourister Feherlite Spinner  77Black",797500.00,542300.00,"Men Fashion"
P658058,babyw_9449,223300.00,154048.00,"Kids & Baby"
P658321,"alkhair_Ajwa Dates 250gm-1",40600.00,25578.00,Soghaat
P658437,Telemall_MM-DR-MB,57942.00,46922.00,"Health & Sports"
P658709,Dany71364879523146874161,20300.00,12180.00,Computing
P658885,Tmall_BinocularCamera,95642.00,64032.00,"Kids & Baby"
P659279,PlanetX_PX-9047,108750.00,70644.00,"Kids & Baby"
P659592,HAS_1023,194416.00,151612.00,Entertainment
P659949,fitn_748927053531,232000.00,141520.00,"Health & Sports"
P660316,KF_Butt-Salan-850gm,23200.00,20184.00,Superstore
P660875,"delsey_Delsey Tuileries 2",376942.00,263842.00,"Home & Living"
P660943,Telemall_MM-PC-0008,202942.00,152192.00,"Health & Sports"
P661017,TBG_TBG-S-V-016,982520.00,648440.00,"Women Fashion"
P661542,"samsung_Grand Prime Plus-Black",928000.00,649600.00,"Mobiles & Tablets"
P661637,"PucaM_SS-02-RED BLACK-39",116000.00,91640.00,"Men Fashion"
P662843,Tmall_Yoga_mat_Wheel_Combo,133342.00,95990.00,"Health & Sports"
P663116,BP_BS29884-32,86942.00,59972.00,"Kids & Baby"
P663284,"vitamin_Super Yohimbe 1000",46400.00,39904.00,"Health & Sports"
P663397,kenwood_KEA1801,2534600.00,1774220.00,Appliances
P663928,GA_PM-172-136207,464000.00,417600.00,"Women Fashion"
P664265,"Entertainer Asia_Vouch 365 - 2017 Book Karachi",145000.00,94250.00,Others
P664345,RAF_800ml,9860.00,8642.00,Superstore
P664665,"Dawlance_MD 10 + DWB 600",488360.00,410176.00,Others
P665312,"Fmate_Sooji Halwa",10962.00,7540.00,Superstore
P665332,GC_GCS058,568400.00,437668.00,Superstore
P665615,MEGUIAR_G3200,287738.00,201376.00,Others
P665975,"BE_nikai 7in1 - model 580-80",74240.00,60088.00,"Beauty & Grooming"
P666155,Ifitness_Golden-Star,377000.00,316680.00,"Health & Sports"
P666295,FHM_BOXTER1,6960000.00,4593600.00,"Home & Living"
P666317,"SNU_ op16l-155A",417310.00,271208.00,"Women Fashion"
P667073,PNG_Pampers_10003452-Karachi,58.00,0.00,Superstore
P667087,Dell_Inspiron-15-3567-ci7-,3866860.00,2668116.00,Computing
P667294,HOS-m_HRMTDHM100,365400.00,310590.00,"Beauty & Grooming"
P667382,fitn_100295,261000.00,211410.00,"Health & Sports"
P667515,"aw_CONSTRUCTION FOAM (GUN)-750ml",55390.00,42050.00,Others
P667889,"Loreal_Revitalift Laser X3 Serum - 30 ml",184788.00,129340.00,"Beauty & Grooming"
P668099,Paramount_9780600617433,5800.00,4582.00,Books
P668128,Tmall_ASA269,115942.00,103182.00,"Health & Sports"
P668591,PlanetX_AG-9008,26100.00,15892.00,"Kids & Baby"
P668773,Toyworld_TW-195,107242.00,79344.00,"Kids & Baby"
P669089,"The Vitamin Company Kojic Acid Whitening Cream 40GM",29000.00,20590.00,Others
P669129,"phub_Legend Spirit by Mont Blanc 100ml  EDT",448920.00,354612.00,"Beauty & Grooming"
P669452,"Life source_LS-7001",139142.00,105734.00,"Health & Sports"
P669465,AYS_Gree-18cith2,4215440.00,2950808.00,Appliances
P669695,PlanetX_PX-9091,103240.00,70180.00,"Kids & Baby"
P669973,MEGUIAR_G6207,103298.00,84680.00,Others
P670065,s_tv_KDL-60W600B,11062050.00,7079712.00,Entertainment
P670138,"TO_042-HQT 906",104400.00,76212.00,"Beauty & Grooming"
P670559,"Apple IMac 27-Inch 3.2GHz quad-core Intel Core i5",13630000.00,9541000.00,Computing
P670614,"edukaan_7101-A4 - 300 Pages",17400.00,11832.00,"School & Education"
P671247,PlanetX_PX-9152,127542.00,89262.00,"Kids & Baby"
P671331,"MORG_GCS 43",1972000.00,1695920.00,"Health & Sports"
P671345,RBC_9789694074283,145000.00,102950.00,"School & Education"
P671598,"Atalian _Pesh51-Black-9",231710.00,208510.00,"Men Fashion"
P671611,"vitamin_Wipes ",78300.00,65772.00,"Health & Sports"
P671747,"iphone-7-32gb-wof-Matt Black",4858660.00,4226982.00,"Mobiles & Tablets"
P672819,Liberty_9789384898991,57710.00,40948.00,Books
P672833,Panasonic_40D310,2212410.00,1880534.00,Entertainment
P672852,Paramount_9781107677364,182856.60,138968.00,"School & Education"
P672992,"majestic_18 Pc Cookware Set - Sparkle Red",371200.00,259840.00,"Home & Living"
P673102,AKL_A131130501_SS-154_Purple,218950.00,194822.00,"Women Fashion"
P673195,liberty_9780857388384,46110.00,33176.00,Books
P673245,timex_T49991,419630.00,318884.00,"Men Fashion"
P673339,"edukaan_7032-A4 - 6 Subjects",16298.00,11194.00,"School & Education"
P673419,"SCIFI_True Honor _SC7820CKA",122380.00,110142.00,"School & Education"
P673853,HOS_BBYLW100,281300.00,188442.00,"Beauty & Grooming"
P673855,Fidato_537-904-W-45,406000.00,332920.00,"Men Fashion"
P674096,Omron_HEM-7131-E,527510.00,432506.00,"Health & Sports"
P674457,"Turk & Fillmore_Super Natural I-brown-41",1885000.00,1281800.00,"Men Fashion"
P674474,AT-CTT-28,74097.90,63684.00,"Kids & Baby"
P674924,"Eco Star_32U557",1136220.00,965758.00,Entertainment
P675023,stinnos_A123,46342.00,30566.00,"Kids & Baby"
P675166,BO_Loom-Bands-Kit-Multicoloured,11600.00,8932.00,"School & Education"
P677068,"Nikon_Nikon COOLPIX L27 Compact Digital Camera - White (16.1MP,",336922.00,249284.00,Entertainment
P677186,Delsey_94526111,106604.00,85260.00,"Home & Living"
P677580,Tmall_Depil_Silk,200100.00,140070.00,"Beauty & Grooming"
P677644,"Kmade_Kitchen Made 05",11600.00,7540.00,Superstore
P677701,s_tv_KDL-50W800C,8789610.00,5976900.00,Entertainment
P678028,liberty_9780141037172,69310.00,58870.00,Books
P678246,timex_T25771,571300.00,508428.00,"Women Fashion"
P678309,"tmx_wtch_ T2E581_4",358730.00,261870.00,"Men Fashion"
P678370,Samsung-Galaxy-S8-G950-Grey,4599400.00,3081598.00,"Mobiles & Tablets"
P678603,Eglo_13359,116000.00,96280.00,"Home & Living"
P678648,"Changhong Ruba 55 Inches UD55D6000i Ultra HD TV_clear-CS",7482000.00,5162580.00,Entertainment
P679783,shubinak_SWS14-JAK-1017-XS,696000.00,445440.00,"Women Fashion"
P679912,timex_TW4B09000,600300.00,474208.00,"Men Fashion"
P679932,Samsung_Samsung32InchK4000,1687742.00,1417694.00,Entertainment
P680265,timex_T2P103,1591520.00,1098114.00,"Men Fashion"
P680396,"sanasafinaz_march16_5A-Nationwide Delivery",271614.00,214542.00,"Women Fashion"
P680404,HOS-m_CKI2UM100,142970.00,85782.00,"Beauty & Grooming"
P680741,"GFC_Pedestal Myga Cross Base (Special Guard) 24"",319000.00,242440.00,Appliances
P681316,rute2_4533,113100.00,90480.00,"Health & Sports"
P681479,Timb-women_8408B-5.5,1099100.00,857298.00,"Women Fashion"
P681916,BBS_D005,185020.00,155382.00,"Kids & Baby"
P681934,"coleman_Marine White Cooler 120QT",92800.00,64032.00,"Home & Living"
P682528,"dawlance_9108 DELUXE Refrigerator",1355402.00,1179198.00,Appliances
P682701,"CITY_Pajama-9 - 10 yrs - Size 34",28420.00,22446.00,"School & Education"
P682816,UnzeLondon_CS11266-2,46110.00,35496.00,"Kids & Baby"
P683001,mm_AG-2032,94656.00,71920.00,Appliances
P683207,AmanJee_PYB-0001,55680.00,45646.00,"Home & Living"
P683385,Samsung_32inchesK4000,1826942.00,1333652.00,Entertainment
P683449,IKEA_10323349,1670400.00,1269504.00,"Home & Living"
P683554,cj_CJPOISL,4060000.00,3410400.00,Others
P684181,Al-Bakio_1B257,17980.00,11658.00,"School & Education"
P684541,"hijabh_0120-BC-759 (1)-52x",493000.00,354960.00,"Women Fashion"
P684918,"lalqila_Achar Gosht-850gm",40020.00,32364.00,Superstore
P685508,Genius_GB-1500X-Black,75400.00,45240.00,"School & Education"
P686723,BP_FA04112,73950.00,65076.00,"Kids & Baby"
P687030,"SCIFI_Amazing Spiderman_SC9812ACN",60610.00,43616.00,"School & Education"
P687135,RS_pack-of-two-Rehmat-e-Shereen-Habshi-Halwa-450g,31900.00,27724.00,Soghaat
P687354,"aw_Wheel Protectant-7oz./207ml",74240.00,46748.00,Others
P688159,"aw_Super Concentrated Fuel Injector (Black)-12oz./354ml ",33060.00,29058.00,Others
P688198,"shahi_BallayÃ‚Â BallayÃ‚Â Munchy MixÃ‚Â 12-75-box",456750.00,388194.00,Soghaat
P688522,"RS_Sohan Halwa 1000gm",38280.00,29812.00,Soghaat
P689194,HAS_1026,344462.00,310010.00,Entertainment
P689586,"HP_Officejet 2130 (3-in-1)",231420.00,141114.00,Computing
P689770,J&J_JJCC-026,109910.00,83520.00,"Kids & Baby"
P690224,Samsung_40K5300,3534520.00,2756914.00,Entertainment
P690326,UnzeLondon_GS5346-6,173710.00,105908.00,"Men Fashion"
P690407,KureshiC_149-axe,49242.00,42804.00,"Beauty & Grooming"
P690503,Lacie_9000146,463420.00,342896.00,Others
P691136,"RMSON_TM0361 MC WH",1937142.00,1239750.00,"Men Fashion"
P692012,RAJESH_RAJ221,50460.00,38802.00,"Kids & Baby"
P692301,Timex_TW2P79500,373520.00,302528.00,"Women Fashion"
P692465,lenovo_80J2002XUE,5338900.00,3683812.00,Computing
P692619,Progressive_9781474813860,34510.00,29290.00,Books
P692763,"RMSON_AM0340B MW WH",974400.00,584640.00,"Men Fashion"
P693263,PlanetX_AG-9001,81200.00,63336.00,"Kids & Baby"
P693509,"dawlance_VF-1035WB Silver",2412800.00,2123264.00,Appliances
P694336,HOS-m_bvlmibm100,406000.00,243600.00,"Beauty & Grooming"
P694524,US-USSG16-DRESS-12-4T,110142.00,71572.00,"Kids & Baby"
P695484,BO_rack-c-6x3,203000.00,164430.00,"Home & Living"
P695734,Rajesh_RAJ60,73370.00,44022.00,"Home & Living"
P696075,Tmall_ASA216,52142.00,45356.00,"Health & Sports"
P696218,"Audionic_ B-770",68150.00,51098.00,Computing
P696220,Paramount_9789696371588,28710.00,24940.00,"School & Education"
P696424,UnzeLondon_GS5401-11,173710.00,154570.00,"Men Fashion"
P696943,interwood_HF-01CHS-MG-39739,3944000.00,2839680.00,"Home & Living"
P697140,"plk_FWI/ 925 651_41",2072340.00,1512756.00,"School & Education"
P697298,"Samsung Galaxy A5 A510F (2016)",2319942.00,1391942.00,"Mobiles & Tablets"
P697647,fitn_RU00494,493000.00,384540.00,"Health & Sports"
P697680,"majestic_18 Pc Cookware Set - Burgandy",371200.00,311808.00,"Home & Living"
P698028,"cr_MABROOM DATES (375 GM)",40310.00,29000.00,Soghaat
P698415,liberty_9780857531995,69310.00,46400.00,Books
P698577,progressive_9781445457970,14500.00,9396.00,Books
P698616,crocs_200375-ocean-C10,356700.00,281764.00,"Kids & Baby"
P698623,"emart_Nova Straightener + Curler ",43442.00,28652.00,"Beauty & Grooming"
P699417,akl_A131133511_MS-11_Beige,217500.00,184846.00,"Women Fashion"
P699947,swi_CP3360,232812.00,195518.00,"School & Education"
P700035,AYS_32B8500,1249900.00,1037388.00,Entertainment
P700081,"emart_Nova Straightener + Curler",43442.00,36018.00,"Beauty & Grooming"
P700188,KI_bedsheet-2001blgbs,90480.00,67860.00,"Home & Living"
P700382,Zia_ST14,21750.00,16066.00,Books
P700907,"Life source_YD-24",150800.00,98020.00,"Health & Sports"
P701151,Prime_T12-BLACK-L,231942.00,155382.00,"Men Fashion"
P701243,Haier_HSU-24-HNH,4869100.00,4333470.00,Appliances
P701301,"RT-04-Grey&black-Double Duvet Cover Sheet Set-7 pcs",142100.00,109388.00,"Home & Living"
P701618,interwood_HF-01NOR-FW-39844,1319500.00,1174326.00,"Home & Living"
P702147,jj_JLAWN-S-17-080-Rapturous,196330.00,135430.00,"Women Fashion"
P702184,Saylani_Vocational-Training-Per-Course,174000.00,127020.00,Others
P702210,PlanetX_PX-9128,127600.00,79112.00,"Kids & Baby"
P702289,Timex_TWEG14900,519680.00,467712.00,"Men Fashion"
P702492,BO_talking-parrot-1,22620.00,16472.00,"Kids & Baby"
P702734,AKL_A131137857-SS-01-17,377000.00,282750.00,"Women Fashion"
P703287,"nabila_Nlight FOR creamy",400200.00,292146.00,"Beauty & Grooming"
P704157,"PucaM_FLYNET NAVY-40",185600.00,142912.00,"Men Fashion"
P704358,Samsung_RSA1STMG,6959942.00,5776742.00,Appliances
P704549,GA_FE-58-141233,434420.00,291044.00,"Women Fashion"
P704808,barico_BS021-,20300.00,12586.00,"School & Education"
P706178,"Value Shop_VS020-Purple",78300.00,67338.00,Others
P706502,"BAHRIA COLLEGE_Navy Blue Elastic Pant-8 - 9 yrs - Size 32",30160.00,19604.00,"School & Education"
P706543,"Turk & Fillmore The Hook-45-11",290000.00,194300.00,"Men Fashion"
P706884,"Q&Q_DA05J101Y ",185600.00,113216.00,"Women Fashion"
P707319,"CLICK ON_CK3245",363950.00,291160.00,"Beauty & Grooming"
P707431,HOS_IMPFW100,365400.00,314244.00,"Beauty & Grooming"
P707435,"nabila_Nchant FOR Olive",319000.00,277530.00,"Beauty & Grooming"
P707471,"bed&rest_Jeans 3D comforter Set",203000.00,125860.00,"Home & Living"
P707569,"greenroot_Dry Hair Oil",69600.00,42456.00,"Beauty & Grooming"
P707686,PlanetX_PX-9126,127600.00,85492.00,"Kids & Baby"
P707930,"Entertainer Asia_Vouch 365-2017 Mobile App Lahore",87000.00,73080.00,Others
P707985,liberty_9780751557558,86710.00,59798.00,Books
P708097,PlanetX_PX-9178,156310.00,118784.00,"Kids & Baby"
P708112,Jayqeu_BL-01-Red-M,17400.00,10440.00,"Women Fashion"
P708157,Haier_HWM-85-7288,1731010.00,1228962.00,Appliances
P708258,"HP_White 2132 - DeskJet - All-in-One Printer",239540.00,213150.00,Computing
P708827,Q&Q_GV54J302Y,203000.00,131950.00,"Men Fashion"
P709059,"Horsie_HK 310",162400.00,102312.00,"Kids & Baby"
P709147,liberty_9780521736374,60900.00,36540.00,"School & Education"
P709484,"MACBOOK PRO 15-INCH 2.2GHZ QuadCore i7",13630000.00,8723200.00,Computing
P709557,hyundai_HGS7250,6147942.00,4365022.00,Appliances
P709592,stinnos_670,127252.00,76328.00,"Kids & Baby"
P710253,SFEVER_CH369HB0EHEHSNAFAMZ,690200.00,510748.00,"Beauty & Grooming"
P710606,"Changhong Ruba 55 Inches C5000i Smart LED TV_clear",4059942.00,2720142.00,Entertainment
P710971,"SCIFI_SC5811HSF-High School Musical ",34510.00,28594.00,"School & Education"
P710972,"SCIFI_SC6803HP-Hannah Montana",28710.00,24360.00,"School & Education"
P711041,Castillo_CDT-748-Black-42,783000.00,626400.00,"Men Fashion"
P711218,Charizma_DG35,130500.00,112230.00,Others
P711450,"Kansai_High Heat Auto _ Aluminium",48024.00,30218.00,Others
P711491,Bata_Bfirst-3511015-,46342.00,37062.00,"School & Education"
P711805,JT_W-28,243600.00,190008.00,"Men Fashion"
P712322,"edukaan_7110-A4 - 300 Pages",16298.00,13166.00,"School & Education"
P712331,Edenrobe_BTKS-16-3196-28,162342.00,139606.00,"Kids & Baby"
P712821,BP_FA35468,104342.00,63626.00,"Kids & Baby"
P713012,sony_SLT-A58K,2610000.00,2140200.00,Entertainment
P713037,PlanetX_PX-9153,98542.00,66004.00,"Kids & Baby"
P713234,GA_PM-152-136192,464000.00,343360.00,"Women Fashion"
P713424,timex_T5K560,367140.00,253286.00,"Men Fashion"
P713443,"Careem_25000 Credits",1044000.00,762120.00,Others
P713507,liberty_9780062091581,51910.00,33698.00,Books
P713838,"edukaan_7093-Medi - 200",7366.00,5336.00,"School & Education"
P714373,Sigma_6052,122670.00,106720.00,"Health & Sports"
P715035,Swatch_YAS407,501062.00,370736.00,"Men Fashion"
P715572,"plk_PD/ 991 471_65",2518360.00,1561360.00,"Men Fashion"
P716208,Tajdaar_Ramzan-Bundle-2-Buy-1-pack,46400.00,31552.00,Superstore
P716813,"TKS_m969-2 to 3 Years",115942.00,98542.00,"Kids & Baby"
P716883,"unze_GS5640 -Black-9",289710.00,199868.00,"Men Fashion"
P716922,gulhane_GTS-001,248820.00,181598.00,"Home & Living"
P718246,"Entertainer Asia_Vouch 365-2017 BookLahore",116000.00,75400.00,Others
P718476,barico_BS0081,3480.00,2610.00,"School & Education"
P718952,"seagate_SG E-2TB",576230.00,432158.00,Others
P719272,"BOOSTER CABLE 500AMP",58000.00,42340.00,Others
P719734,CUR_CUD-35,173942.00,130442.00,"Men Fashion"
P720034,"Trans2_LW 510",104110.00,66584.00,"Kids & Baby"
P720293,"MHS_Pleat Boarder -Bed Sheet - [Size] King",464000.00,338720.00,"Home & Living"
P720318,"StPat_Grey Shirt Full Sleeve Morning and A-Level-15 yrs above - ",37700.00,25636.00,"School & Education"
P720522,"Gmart_Forerunner735XT 3",2900000.00,1740000.00,"Health & Sports"
P720879,PlanetX_PX-9260,144942.00,102892.00,"Kids & Baby"
P721438,"AYS_A-C -18-LNF",4275180.00,3462890.00,Appliances
P721905,Paramount_9694941660,8700.00,5742.00,Books
P722057,Senorita_KAS-736-LMN-32,128760.00,82360.00,"Kids & Baby"
P722399,"MORG_GCS 31",882180.00,758640.00,"Health & Sports"
P722616,"FHM_Bloomy -SOFA SET",3016000.00,1869920.00,"Home & Living"
P722865,SFEVER_MP210,522000.00,349740.00,"Beauty & Grooming"
P723969,BO_rack-d-6x3,284200.00,255780.00,"Home & Living"
P724421,JBS_WEN-117,206190.00,144304.00,"Home & Living"
P724487,UnzeLondon_CS11224-30,57942.00,45182.00,"Kids & Baby"
P724578,"vitamin_TVC-BB Cream (Buy 2 Get Kojic Facewash Free)",40600.00,33292.00,"Beauty & Grooming"
P724596,JBS_TAT-110,103762.00,78822.00,"Home & Living"
P724671,cos_prfume_9,301600.00,238264.00,Others
P724734,NVC_Polaroid-iS426,161182.00,103124.00,Others
P725301,"FHM_LUCID COMFORT1",2505600.00,1578528.00,"Home & Living"
P726605,Ifitness_JW901,3335000.00,2901450.00,"Health & Sports"
P726676,redspot_9789810594718,50460.00,42862.00,"School & Education"
P726800,SIR_DMS02-2,29522.00,24186.00,Superstore
P727045,"edukaan_7083-A4 - 300 Pages",16298.00,14152.00,"School & Education"
P727256,GA_PM-155-136193,464000.00,385120.00,"Women Fashion"
P728109,Shark_E540,8120.00,6786.00,"School & Education"
P728204,sstop_iflashotg3in1,152830.00,132936.00,Computing
P728313,"SCIFI_True Honor _SC5810CKA",82940.00,53070.00,"School & Education"
P728616,JBS_TAT-194,126614.00,102544.00,"Home & Living"
P728976,"MT_SOL 40D33",1972000.00,1695920.00,Entertainment
P729061,"trzw_FRC-16-001-Fawn/Teal Blue-M",696000.00,501120.00,"Women Fashion"
P730475,RM_Panasonic-SC-HT31,488418.00,434652.00,Entertainment
P730840,Fidato_549-872-B-40,406000.00,267960.00,"Men Fashion"
P731656,HP_Printer-2130,225156.00,177828.00,Computing
P731668,Brumano_0-31-0000-173-2-Blue-XL,197200.00,149872.00,"Men Fashion"
P731800,Timex_TW2P61400,373520.00,287564.00,"Men Fashion"
P731853,"MDF 005_Cashews Plain 250 gm",28420.00,21286.00,Soghaat
P732124,stinnos_657,38860.00,30682.00,"Kids & Baby"
P732481,sinbo_7033,95700.00,59334.00,"Beauty & Grooming"
P732797,"shoppingmania_Gold Rhinestone Heart Drop Necklace & Earrings",86942.00,66932.00,"Women Fashion"
P733199,"Aladdin_Pair of Gold Star Rubber Coated Metal Dumbells - 5KG - S",200100.00,126034.00,"Health & Sports"
P733455,shubinak_SN-MB-03,174000.00,133980.00,"Women Fashion"
P733468,"R&I_eInverter Series 12000BTU",3145050.00,1918466.00,Appliances
P733948,Tcreation_TC-01-XL,72500.00,44196.00,Others
P734223,"iu_Islamabad United Hoodie White-Islamabad",92800.00,83520.00,Others
P734358,Timex_TW2P75300,787350.00,708586.00,"Men Fashion"
P734377,"Trans_LW 32-3-6 Month",77720.00,69136.00,"Kids & Baby"
P734913,Paramount_9789814237642,17110.00,11078.00,Books
P735082,infinix_S2-Black,1078800.00,668856.00,"Mobiles & Tablets"
P735120,GBHII_GS9-MUSTARD-MUSTARD-8,120060.00,105618.00,"Men Fashion"
P735219,BP_PS00296,22910.00,16472.00,Books
P735223,alrafa_kalmi-Dates-400g,41180.00,35380.00,Soghaat
P735254,PlanetX_PX-9003,72500.00,61596.00,"Kids & Baby"
P736074,EcoStar_65U565,5769782.00,4961958.00,Entertainment
P736086,interwood_HF-02LT-39667,824760.00,692752.00,"Home & Living"
P736532,SN_deal_qalmi400gm,25520.00,19372.00,Soghaat
P736713,orient_32Inches-G6530-HDLEDTV,1183780.00,1006184.00,Entertainment
P736825,Dawlance_9144-MDS,1721498.00,1205008.00,Appliances
P736839,J&J_JJCC-029,109910.00,90074.00,"Kids & Baby"
P738030,SAB_SI-218-XL,203000.00,170520.00,"Men Fashion"
P738317,L&L_LLHAP786w,68730.00,52896.00,"Home & Living"
P738796,interwood_HF-01FSB-MW-15781,1074624.00,881136.00,"Home & Living"
P738801,Rajesh_RAJ69,61480.00,44834.00,Others
P738893,interwood_HF-01CR1-HW-12021,2490984.00,1494544.00,"Home & Living"
P738924,Telemall_MM-DR-HB-L,20242.00,15370.00,Others
P739386,SFEVER_CK370HB02S8DONAFAMZ,146740.00,118842.00,"Beauty & Grooming"
P739824,"R&I_HWD 63 ( 2 tap with ref )",788800.00,599488.00,Appliances
P740429,liberty_9788130908786,36250.00,25694.00,"School & Education"
P740813,igeek_TriFidgetSpinner,16240.00,12296.00,"Kids & Baby"
P741293,"emart_Cereal Dispenser Double",108750.00,66294.00,"Home & Living"
P741489,US-MSEW-5-4T,69542.00,61886.00,"Kids & Baby"
P741554,Aladdin_UMR_CM_1099,41760.00,34220.00,"School & Education"
P741594,"vital_vb_wnd 00012",69542.00,57710.00,Superstore
P741881,"texi tech_LCD Wall mount KIT 422840",71050.00,55390.00,Entertainment
P741997,Geepas_GTR6229,321842.00,251024.00,"Beauty & Grooming"
P742529,"GA_ELAN T-300 - 114737",174000.00,133980.00,"Home & Living"
P743686,Haier_HWM-75-918,1633280.00,1322922.00,Appliances
P743730,Getiit_Mate,435000.00,278400.00,"Women Fashion"
P744449,"Trans_LW 509B ",78300.00,61828.00,"Kids & Baby"
P744459,"cn_clc_ F718S BL",68150.00,44254.00,"School & Education"
P744702,"Ricoh_Projector PJ S2240",2006162.00,1263878.00,Entertainment
P744942,"Eco Star_24U521",966860.00,802488.00,Entertainment
P745476,SMSM_6297000027975,49590.00,34162.00,Superstore
P746103,"MORG_GCS 41",2842000.00,2159920.00,"Health & Sports"
P746317,"plk_FWI/ 961 284_44",2860560.00,2174014.00,"Men Fashion"
P746319,Relaxsit_RS-74,309720.00,275616.00,"Home & Living"
P747058,agha_AS_LS3139_01,100050.00,85028.00,"Health & Sports"
P747059,SNU_MHC16W105,841000.00,571880.00,"Women Fashion"
P747071,Toyworld_TW-222,231942.00,201782.00,"Kids & Baby"
P747087,"cc_samsung_Grand Prime Plus-Silver",904742.00,778070.00,"Mobiles & Tablets"
P747406,PMA_9789810117238,162110.00,129688.00,"School & Education"
P747548,Jaza_Premium5kg+FOC,99296.00,76444.00,Superstore
P747667,"R&I_Generator 3.0KVA",2529960.00,2074544.00,Appliances
P747668,"iphone_7-128GB-wof-Matt Black",5591780.00,4864808.00,"Mobiles & Tablets"
P747811,bata_wein-8838137-43-9,202942.00,140012.00,"Men Fashion"
P748052,FHM_TWIRL1,3132000.00,2505600.00,"Home & Living"
P748128,HP_PRINTER-LJ-M102AW,762062.00,609638.00,Computing
P748886,"Apple iPhone 6 (128GB) Gold",5596942.00,3637992.00,"Mobiles & Tablets"
P748889,kke_SCF62817,93670.00,58058.00,"Kids & Baby"
P748974,GA_C-421-136160,263494.00,221328.00,"Women Fashion"
P749454,casio_BEM-506CD-1AVDF,675700.00,466204.00,"Men Fashion"
P749616,"GFC_Ceiling Awami",174000.00,149640.00,Appliances
P749888,ELF_83314,69542.00,47270.00,"Beauty & Grooming"
P750501,UnzeLondon_CS11300-11,49242.00,41818.00,"Kids & Baby"
P751255,"NYX_Beauty Kit",132646.00,100804.00,"Beauty & Grooming"
P751490,JBS_OMA-224,233450.00,186760.00,"Home & Living"
P751549,"samsungGALAXY S-7 EDGE 32GB LTE",4408000.00,3879040.00,"Mobiles & Tablets"
P751686,Aladdin_UMR_CM_1094,40020.00,28014.00,"School & Education"
P753274,"Popular International_On call Extra Meter",40600.00,32480.00,"Health & Sports"
P753425,Bparcel_N4050-9CELL,185542.00,137286.00,Computing
P753586,"Voucher 6000",348000.00,219240.00,Others
P753708,"CITY_Pant Belt",14500.00,11600.00,"School & Education"
P754047,GFE_22_YonauasIcecreamMaker,228230.00,143782.00,Appliances
P754543,SFEVER_GU378HB0MW1K0NAFAMZ,342200.00,208742.00,"Beauty & Grooming"
P754774,"iPhone7- Jet Black-128GB",5291746.00,3227932.00,"Mobiles & Tablets"
P754831,"IDROID_BALRX7-Jet black ",550942.00,429722.00,"Mobiles & Tablets"
P755612,"Audionic_Rex 65",394400.00,244528.00,Computing
P755718,PlanetX_PX-9326,75342.00,67048.00,"Kids & Baby"
P755841,"Turk & Fillmore_Super Natural II-41",1885000.00,1658800.00,"Men Fashion"
P756246,"cn_clc_ AS-1200",40600.00,34510.00,"School & Education"
P756257,Audionic6-954217-512365,27840.00,17226.00,Computing
P756365,akl-GFSU1265-L,347710.00,278168.00,"Women Fashion"
P756519,Paramount_9781107636828,188790.00,115130.00,"School & Education"
P756799,Relaxsit_RS-57,145000.00,89900.00,"Home & Living"
P756886,HOS-m_CDHM100,551000.00,347130.00,"Beauty & Grooming"
P756941,TCF_Donate-a-Set-of-School-Books,58000.00,44080.00,Others
P756982,AJ-bedsheet_AJB-003,231942.00,143782.00,"Home & Living"
P757180,MEGUIAR_A2116,66410.00,47792.00,Others
P757238,Route_km256-L,40020.00,25578.00,Others
P757318,"cr_CASHEW NUT PLAIN-500 GM",64902.00,47328.00,Soghaat
P757482,RM_Panasonic-SC-MAX6000,4205000.00,3237850.00,Entertainment
P757605,"HAS_EasyCap USB ",60610.00,43616.00,Computing
P757616,orient_OM-30ARW,480530.00,341156.00,Appliances
P757885,"emarthazir_BBQ Pro Kit-Karachi",217442.00,147842.00,"Home & Living"
P758031,"SCIFI_Spider Man_SC4203SPD",25810.00,19604.00,"School & Education"
P759170,moshi_99MO023126,156136.00,107706.00,Computing
P759375,JBS_WEN-035,223300.00,138446.00,Others
P759769,barico_BS0074,4872.00,3190.00,"School & Education"
P760156,JBS_TAT-225,242150.00,169476.00,"Home & Living"
P760158,sinbo_7027,216920.00,151844.00,"Beauty & Grooming"
P760224,"Kenwood_White Semi Automatic Washing Machine - KWM-1014",881600.00,599488.00,Appliances
P760662,"Kenwood_1.5 Ton Air Conditioner - HSU-18LKE",1820330.00,1274202.00,Appliances
P760722,"TO_006- ETERNITY FOR MEN",116000.00,97440.00,"Beauty & Grooming"
P761077,"edukaan_7157-A4 - 300 Pages",17400.00,15138.00,"School & Education"
P761307,Telemall_MM-DR-AF,347942.00,208742.00,"Health & Sports"
P761917,"Turk & Fillmore longisland ice tea-40",429200.00,291856.00,"Men Fashion"
P763231,HOS_ESW90,493000.00,409190.00,"Beauty & Grooming"
P763931,GA_GT-03-141175,173420.00,147378.00,"Women Fashion"
P764124,liberty_9788184001716,49300.00,32016.00,Books
P764200,"himalayan_Horse Crystal Salt Lamp",156600.00,117450.00,"Home & Living"
P764762,AKL_A131137860-SS-02-17,377000.00,229970.00,"Women Fashion"
P765122,Prime_T12-BLACK-2XL,231942.00,192502.00,"Men Fashion"
P765136,"RS_Honey Dry Fruit Halwa",18850.00,12818.00,Soghaat
P765789,MEGUIAR_G4116,66410.00,58406.00,Others
P766142,"nvc_HDMI UC 40 - Home Cinema Projector - White",725000.00,500250.00,Entertainment
P766364,"vitamin_Ultra Muscle",69600.00,61248.00,"Health & Sports"
P766401,"Fmate_Palak Paneer ",14442.00,8758.00,Superstore
P766552,HOS-m_CKETM100,147900.00,90190.00,"Beauty & Grooming"
P766982,gree_18CZ8,3077480.00,1846488.00,Appliances
P767008,MS_BRA00611-32A,203000.00,182700.00,"Women Fashion"
P767337,"sapil_Sapil Chichi Women 100ML",95526.00,64902.00,"Beauty & Grooming"
P767562,dawlance_DWF-1600A,1565420.00,1127056.00,Appliances
P767594,"sanasafinaz_march16_12B-Nationwide Delivery",312446.00,237452.00,"Women Fashion"
P767858,RM_Sony-VPL-EW295,6670000.00,5669500.00,Entertainment
P768335,AKL_DL-02-YELLOW,86942.00,63452.00,"Women Fashion"
P768353,"EP_6800 6.3 KVA",5220000.00,3654000.00,Appliances
P768785,Edge-wc_ED-WC-031,319000.00,200970.00,"Men Fashion"
P768811,HOS-m_IMLDM75,216920.00,166982.00,"Beauty & Grooming"
P769261,Oxford_9780195978933,34510.00,26564.00,"School & Education"
P769270,HNB_8,116000.00,89320.00,"Home & Living"
P769320,Progressive_9780857800008,46110.00,39150.00,Books
P769514,J&J_JJQS-003S,162110.00,105328.00,"Kids & Baby"
P769860,Liberty_9780007256068,43500.00,29986.00,Books
P770035,"zubairco_JOJI 2010 Pink",12470.00,10324.00,"School & Education"
P770323,"Ref_Top man 1111-black-42",231710.00,187630.00,"Men Fashion"
P770531,"Dynasty_Dynasty Spark-French Blue",191110.00,116522.00,"Men Fashion"
P770541,"samsungGALAXY J510F-2016 DS LTE",1711000.00,1095040.00,Entertainment
P770634,HOS_CNCMW100,1061400.00,934032.00,"Beauty & Grooming"
P770715,"Sony_DZ 350",1568900.00,1098230.00,Entertainment
P771186,Surmawala_Orient-OR-5535-GD-Refrigerator-Red,1766042.00,1377500.00,Appliances
P771328,"VPN_VPN 600",130500.00,90016.00,"Health & Sports"
P771502,GBHII_GS545-Black-8,174000.00,151380.00,"Men Fashion"
P771768,sony_DSC-W830,732656.00,542126.00,Entertainment
P772081,Tmall_SmartPen,46342.00,32422.00,"School & Education"
P772306,"Charizma_SR 36",205900.00,174986.00,"Women Fashion"
P772342,AJ-bedsheet_AJB-002,231942.00,192502.00,"Home & Living"
P772585,BP_PS31338,34742.00,27782.00,"School & Education"
P772930,redspot_9810824280,31900.00,28362.00,"School & Education"
P773475,"Herbo Natural_6",290000.00,232000.00,"Health & Sports"
P773860,"lamp_Lamp Shade Round 4 ",127600.00,80388.00,"Home & Living"
P773985,GA_PM-165-136201,435000.00,356700.00,"Women Fashion"
P774208,"Ref_AMBASSADOR 1165 Tan-43",289710.00,211468.00,"Men Fashion"
P774270,Mannan_leather_file_book,58.00,0.00,Others
P774293,noritake_NT4276M,44660.00,33930.00,"Home & Living"
P774890,"Infinix Hot 4-Gold",730742.00,482270.00,"Mobiles & Tablets"
P774986,timex_TW000U907,239250.00,181830.00,"Men Fashion"
P775406,"R&I_HGR 6.05 KV D",3799000.00,2849250.00,Appliances
P775556,Paramount_9781444112689,28710.00,20648.00,"School & Education"
P775661,barico_BS018-,4640.00,3248.00,"School & Education"
P775971,naushemian_#0037-M,406000.00,292320.00,"Women Fashion"
P776031,iphone-7-32gb-wof-Gold,4858660.00,3692570.00,"Mobiles & Tablets"
P776045,"Haier_HWM 75AS",747620.00,657894.00,Appliances
P776156,JBS_WEN-062,183280.00,111766.00,"Home & Living"
P776371,timex_T49866,1266720.00,810666.00,"Men Fashion"
P776376,Trendz_TR-0201,44950.00,30972.00,"Health & Sports"
P776539,shopfever_YV266HB0M2J20NAFAMZ,464000.00,310880.00,"Beauty & Grooming"
P777433,"Castillo_CPL-741-Black With Burgundy Shade-42",756900.00,597922.00,"Men Fashion"
P777907,"Pack of 2 Almond & Walnut Sohan Halwa - 2 kgs",46400.00,35728.00,Soghaat
P778245,smsm_13720,21170.00,14790.00,Superstore
P778246,Prime_T12-BLACK-M,231942.00,148422.00,"Men Fashion"
P778308,rute2_3671,150220.00,130674.00,"Health & Sports"
P778627,"aw_WD40 -420mlSMART STRAW",32480.00,23026.00,Others
P778849,KKZP_TSRKK70206-XS,57942.00,35322.00,"Men Fashion"
P779004,"majestic_15 Pc Cookware Set - Antique Grey",339300.00,298584.00,"Home & Living"
P779025,barico_BS012-,33060.00,22794.00,"School & Education"
P779304,"StPaul_Grey Elastic Pant-Primary-Secondary-8 - 9 yrs",30160.00,27144.00,"School & Education"
P779382,ReadersHeaven_9781408852569,40310.00,29406.00,Books
P779480,"Naushemian_#0030-Light Red-M",1276000.00,842160.00,"Women Fashion"
P779511,GA_SL-260-136112,145000.00,97150.00,"Women Fashion"
P779616,Tmall_ASA317,34742.00,31262.00,"Health & Sports"
P779734,iPhone7-Red-256GB,5680404.00,4089870.00,"Mobiles & Tablets"
P780228,samsung_G935F-Black,4581942.00,3848822.00,"Mobiles & Tablets"
P780450,dany_DB-140,81200.00,62524.00,Computing
P780645,BP_FA00571,243542.00,160718.00,"Kids & Baby"
P780656,SNU_MHC16W108,841000.00,580290.00,"Women Fashion"
P780829,Gshop_D38,261000.00,174870.00,"Home & Living"
P780852,Emotions_Emo-CS-13977,144130.00,86478.00,"Home & Living"
P780964,Timb-app_8318J-L,500250.00,430186.00,"Men Fashion"
P781618,Relaxsit_RS-67,242440.00,208452.00,"Home & Living"
P782370,fitn_612524152129,214890.00,178350.00,"Health & Sports"
P782524,"Turk & Fillmore_Super Natural II-43",1885000.00,1602250.00,"Men Fashion"
P782578,"MORG_GCS 30",748200.00,650934.00,"Health & Sports"
P782582,HOS-m_CNBDCMP100,904800.00,787176.00,"Beauty & Grooming"
P782682,"Apple iPhone 6S Plus 16GB Silver",4734540.00,3787632.00,"Mobiles & Tablets"
P782727,timex_T2N779,526640.00,352814.00,"Men Fashion"
P783124,stripyinterior_90003,156542.00,134618.00,"Home & Living"
P783271,Bata_Power-8389002-41-7,173942.00,147842.00,"Men Fashion"
P783461,"ww_WSB-5-Orgional Wood Colour",34742.00,29870.00,"Home & Living"
P783473,redspot_9789696230007,27260.00,18212.00,"School & Education"
P783618,"BP_PS19825-Mickey Mouse",12122.00,9918.00,"School & Education"
P783680,shopfever_RA385HB1LNDBGNAFAMZ,374100.00,265582.00,"Beauty & Grooming"
P784023,Delsey_8903338054375,255200.00,227128.00,"Home & Living"
P784050,"un_Health and Hygiene Bundle_HB",16530.00,11716.00,"Home & Living"
P784452,Liberty_9780007436187,57710.00,37468.00,Books
P784487,"Atalian _1387.1-Brown-42",289710.00,173826.00,"Men Fashion"
P785193,"AM-Sky Blue Shalwar Suit APS-5100-Large",319000.00,207350.00,"Men Fashion"
P785220,electro_Humidifier,57942.00,41702.00,Others
P785410,Liberty_9781863966191,57710.00,50170.00,Books
P786145,WW_WT-SB-1,203000.00,168490.00,"Home & Living"
P786178,"Samsung_Samsung Air Conditioner Digital Inverter Series) - AR12K",4436942.00,2839622.00,Appliances
P786303,"Aladdin_Chrome Dumbbells Silver - 5kg ",166750.00,140070.00,"Health & Sports"
P786699,"STBB_A Textbook of Biology 1st year by Prof.Majid uz zaffar",8.70,0.00,"School & Education"
P786707,"ISn 100% Whey Protein - Pack of 2",261000.00,234900.00,"Health & Sports"
P786986,"tcl_40 inch D2720 Full HD LED TV",1872820.00,1423320.00,Entertainment
P787423,Lenovo_v310-310-ci5,2627980.00,1708158.00,Computing
P787459,GBHII_GM6-Brown-Brown-8,133400.00,114724.00,"Men Fashion"
P787667,sanasafinaz_SS-5B,403100.00,306356.00,"Women Fashion"
P787882,RB_Veet-bf,20300.00,16646.00,Superstore
P787888,Rajesh_RAJ76,46980.00,35206.00,Superstore
P788145,"BParcel_Q7 2G+8G-BLACK",406000.00,304500.00,Entertainment
P788833,"kansai_Chalkboard Brush-On",100050.00,77024.00,Others
P788894,sinbo_6901,95700.00,75574.00,"Home & Living"
P789322,"Dawlance Split A/C LVS 30 Red 18000BTU LW",2203710.00,1652768.00,Others
P790645,Paramount_9789812712844,51910.00,41006.00,"School & Education"
P791570,"BSSN_Waist Belt Logo on Buckle-Large",5800.00,4292.00,"School & Education"
P792114,"Karak_Honey 1 Kg",73950.00,52490.00,Superstore
P792491,dawlance_DW396HP,575070.00,488766.00,Appliances
P792775,Samsung_65KU7000,15398942.00,10471262.00,Entertainment
P793380,Bellona_BDC7,788800.00,591600.00,"Women Fashion"
P793709,"Huawei_P9 PLUS",3943942.00,2602982.00,"Mobiles & Tablets"
P793834,Relaxsit_RS-33,72500.00,63800.00,"Home & Living"
P793938,ALK_FMCS001-130161452,103530.00,67280.00,"Men Fashion"
P794286,GA_PM-202-137349,635100.00,425488.00,"Women Fashion"
P794442,a4tech_Gaming-Bloody-Mouse-R-80,169650.00,147552.00,Computing
P794915,"Truck Art Round metal tray",203000.00,129920.00,"Home & Living"
P794982,"Audionic_Studio 4",37990.00,29986.00,Computing
P795792,"Dawlance_Microwave DW-131",701800.00,617584.00,"Home & Living"
P795879,"Timb-mens_9062B -8.5",1017900.00,681964.00,"Men Fashion"
P796552,oxford_9780199068524,40310.00,35438.00,Books
P796621,Prime_PINKI-BLACK-XS,202942.00,162342.00,"Women Fashion"
P797356,WB_T-75-M,55680.00,48430.00,Others
P797538,"AKL_A01136184-AW-10-Light Pink",150800.00,99528.00,"Women Fashion"
P797760,"AKL_A131130456_SS-145_Navy Blue",397300.00,313838.00,"Women Fashion"
P798326,naushemian_#0034-M,377000.00,312910.00,"Women Fashion"
P798444,AT-FSM-35,57631.70,46052.00,"Kids & Baby"
P798963,"GA_ECLIPSE T-300 - 122758",156600.00,139374.00,"Home & Living"
P799062,akl_A132116093_GMSU171-M,124584.00,89668.00,"Men Fashion"
P799304,"RM_LG P246SQ",5311582.00,3505636.00,Appliances
P799927,sapphire_US0541,214020.00,162632.00,"Women Fashion"
P799988,Relaxsit_RS-72,348000.00,295800.00,"Home & Living"
P800680,test-product-00,290.00,174.00,Others
P801523,hop_ANKM005,791700.00,609580.00,"Beauty & Grooming"
P801710,AYS_18LITH11M,4609840.00,2811956.00,Appliances
P801755,timex_T20501,269120.00,172202.00,"Men Fashion"
P801839,"vitamin_Aloe Vera Plus",21750.00,17168.00,"Health & Sports"
P802005,AKL_A01136169-AW-06-Beige,377000.00,294060.00,"Women Fashion"
P802240,"Fmate_Chicken Haleem",11542.00,9918.00,Superstore
P802496,liberty_9780060976255,98310.00,73718.00,Books
P802554,"pak_ B-6",29000.00,21750.00,"Home & Living"
P803301,HP_White-DeskJet-3635,397880.00,270512.00,Computing
P803386,Uni-Sunsilk-deal,20880.00,13340.00,Superstore
P803645,"iPhone SE-16GB",3015942.00,1869862.00,"Mobiles & Tablets"
P803798,Kansai_RustStripper,113100.00,82534.00,Superstore
P804115,sehgalmotors_130175,77256.00,53302.00,Superstore
P804496,Farah_7-B,173768.00,149408.00,"Women Fashion"
P804717,"MORG_GCS 12",527800.00,422240.00,"Health & Sports"
P805082,"Turk & Fillmore_Super Natural I-brown-42",1885000.00,1508000.00,"Men Fashion"
P805199,"vitamin_Vita Fertility Men",116000.00,103240.00,"Health & Sports"
P805257,tisot_wtch_13,2778200.00,1694702.00,"Men Fashion"
P805677,"Atalian _BK17.02-Black-44",231710.00,208510.00,"Men Fashion"
P805699,RM_Panasonic-NA-127VB6,3561200.00,3027020.00,Appliances
P805830,Am-PTV_VC-1029-M,348000.00,240120.00,"Men Fashion"
P806951,Tiraaz_Tm-02-016-M,179974.00,140360.00,"Men Fashion"
P807001,barico_BS023-,116870.00,74762.00,"School & Education"
P807458,Emotions_Emo-BS-13843,42630.00,30682.00,"Home & Living"
P808008,contessa_CWC250,115420.00,72674.00,Others
P808167,"HGS_White Legging-4 - 5 yrs - Size 24",12180.00,7424.00,"School & Education"
P808750,Zia_133,17400.00,15486.00,Books
P808786,"vitamin_Vita Zinc",23200.00,20880.00,"Health & Sports"
P809020,AYS_Split-Haier-18LNF,2668000.00,2267800.00,Appliances
P809730,"ssw_WC-06 -Regular Fit Small",232000.00,139200.00,"Men Fashion"
P809775,fitn_696859258121,203000.00,131950.00,"Health & Sports"
P809837,timex_T2P183,800342.00,480182.00,"Men Fashion"
P810382,culzado_TORRO-41,638000.00,427460.00,"Men Fashion"
P810552,BO_wardrob-A-5x3,185600.00,141056.00,"Home & Living"
P810561,liberty_9780982423813,98310.00,75690.00,"School & Education"
P811276,Telemall_MM-PC-0007,139142.00,116870.00,"Health & Sports"
P811297,"West Point_WF-2409GL",252300.00,189196.00,Appliances
P811364,AKL_A131130478_SS-165_Grey,135604.00,86768.00,"Women Fashion"
P811390,fitn_631656708110,261000.00,216630.00,"Health & Sports"
P811437,"dawlance_MDS 9144",1792200.00,1236618.00,Appliances
P811804,"emart_Dry Iron NI-22awt",182700.00,131544.00,Appliances
P812489,Rajesh_RAJ0371,127600.00,79112.00,"Health & Sports"
P812958,liberty_9780857261663,22910.00,17400.00,Books
P812976,"Apple iPhone 6 Plus (128GB) Space Grey",6321942.00,5373642.00,"Mobiles & Tablets"
P813029,mitsubishi_MS-F18VC-CS,3653942.00,2192342.00,Appliances
P813349,closecomfort_PC8,1682000.00,1227860.00,Appliances
P813351,"CITY_Light Grey Belt Pant-Size L 40 - W 38",56840.00,38628.00,"School & Education"
P813413,"Atalian _Ex64-Brown-40",260710.00,156426.00,"Men Fashion"
P813488,"HP_MFP M435nw (A3 Blk 3 in 1)",5228874.00,4287650.00,Computing
P813711,"Dany_Masti-8 ",632200.00,455184.00,Entertainment
P813931,"vitamin_TVC-Ultra Slim Plus + BB Cream free",87000.00,62640.00,"Health & Sports"
P814106,"Audionic  BT125 Speaker",44950.00,36366.00,Computing
P814508,sentiment_WCK04-A-,69542.00,52142.00,Soghaat
P815219,Ctees_CK-PK5-M,43500.00,35206.00,"Kids & Baby"
P815940,"edukaan_7013-A4 - 6 Subjects",17400.00,14616.00,"School & Education"
P816776,Z&A_ZEES-0030,58000.00,38280.00,"School & Education"
P816897,Dell_Inspiron-15-5567-ci7-4GB,4410320.00,2646192.00,Computing
P816975,"Dawlance_9188 MDS",2042760.00,1491180.00,Appliances
P817214,HOS-m_VERPHM100,261000.00,229680.00,"Beauty & Grooming"
P818221,Edenrobe_LW17V1-19108,92742.00,68614.00,"Women Fashion"
P819607,sstop_Universallensclipkit,42050.00,31958.00,Others
P819695,AYS_CX-39U564G,1668370.00,1234588.00,Entertainment
P819909,casio_SHN-3013D-7ADR,858400.00,695304.00,"Women Fashion"
P819988,"Baklawa_Badam cream-1Kg",92800.00,80736.00,Soghaat
P820716,GCU_EasyMate,236060.00,210076.00,"Health & Sports"
P820784,"phub_Armani Mania ",638000.00,574200.00,"Beauty & Grooming"
P821188,GA_CT-225-136161,377000.00,294060.00,"Women Fashion"
P821353,"sputnik_5505/14 25T-8",261000.00,156600.00,"Men Fashion"
P822284,"SUPER ASIA_GH 112-SUPER SAVER SERIES 12 LITERS",670248.00,489230.00,Appliances
P822412,Paramount_9789670618623,69310.00,43616.00,Books
P822670,liberty_9780719560057,69310.00,60958.00,Books
P822858,AKL_A01136192-AW-38-Yellow,150800.00,107068.00,"Women Fashion"
P822880,Origins_16W37-M,141404.00,114492.00,"Women Fashion"
P823585,Prime_LLTC-BLACK-S,173942.00,126962.00,"Women Fashion"
P823656,"greenroot_Fit Aura 7",232000.00,183280.00,"Health & Sports"
P824717,babyw_VT60813,263900.00,226954.00,"Kids & Baby"
P825073,Orient_50G6520,2924070.00,1783674.00,Entertainment
P825553,SNU_ME16E-7A,463710.00,389470.00,"Women Fashion"
P826364,"Atalian _DV206A-Brown-41",324597.00,243426.00,"Men Fashion"
P826388,Toyworld_TW-99,156600.00,134676.00,"Kids & Baby"
P826609,HOS-m_bvlaphm100,216920.00,134444.00,"Beauty & Grooming"
P826694,BP_PS19987,15370.00,11832.00,Books
P827245,liberty_9789351365938,34510.00,20996.00,Books
P827294,"Turk & Fillmore Lazaretto Tan-46-12",841000.00,580290.00,"Men Fashion"
P827627,cc_samsung_A520-BLACK,2170534.00,1367408.00,"Mobiles & Tablets"
P828133,"Braun_Hair Straightener ES-1 ",226200.00,142506.00,"Beauty & Grooming"
P828295,FHM_DREAMER,1136800.00,761656.00,"Home & Living"
P828976,zuni16_315-A,131950.00,104226.00,"Women Fashion"
P829021,Tmall_ASA336,188442.00,148828.00,"Health & Sports"
P829067,PNG_Pampers_10004047-Hazir,96280.00,83752.00,Superstore
P829161,Genius_DX-6810-red,52200.00,42282.00,Computing
P829337,SFEVER_GI377HB01ZASGNAFAMZ,382800.00,302412.00,"Beauty & Grooming"
P829472,rhythm_G1107S-02,556742.00,350726.00,"Men Fashion"
P830104,Am-PTV_ATS-004-M,69542.00,45878.00,Others
P830153,"StPaul_White Shirt Half Sleeve-6.5 - 8 yrs - Size 24",27840.00,19488.00,"School & Education"
P830436,MEGUIAR_X1025EU,162284.00,131428.00,Others
P830684,Regal_549-C-BLACK-6,87000.00,63510.00,Others
P830937,BP_PS11043,11194.00,8352.00,"School & Education"
P831108,Hawks_A22,27086.00,16240.00,"Men Fashion"
P831135,PBG_D-1039,86942.00,57362.00,"Home & Living"
P831319,TTA_7005-6Y,95700.00,64090.00,"Kids & Baby"
P831496,"sanasafinaz_march16_1B-Nationwide Delivery",271614.00,217268.00,"Women Fashion"
P831721,BP_FA23344,92742.00,80678.00,"Kids & Baby"
P832136,HOS_BVLOAW65,261000.00,161820.00,"Beauty & Grooming"
P832444,Sigma_64825,146914.00,95468.00,"Health & Sports"
P832533,"Telemall_ASA Gym-Ball-85cm",92742.00,62118.00,"Health & Sports"
P832686,"CITYN_White Shirt with Full Sleeves-13 - 14 yrs - Size M",30450.00,26796.00,"School & Education"
P832721,"BO_Solar-LED-Rechargeable-Camping-Lantern - Yellow",81200.00,52780.00,"Home & Living"
P832727,Iamofficial_IAM-0013,63800.00,44022.00,"Home & Living"
P833097,rhythm_G1201S-05,1078742.00,711950.00,"Men Fashion"
P833149,"GS_BH030-13-14 Years",115710.00,77488.00,"Kids & Baby"
P833201,stinnos_742,31262.00,27492.00,"Kids & Baby"
P833513,"Samsung_S7 Edge-Silver",4336080.00,3815704.00,"Mobiles & Tablets"
P834352,"Dynasty_Dynasty Spark-Peach",191110.00,156658.00,"Men Fashion"
P834446,"emo_Emo-VB-06 Navy Blue Blazer",93745.40,84332.00,"Women Fashion"
P834895,liberty_9789350290668,60900.00,49300.00,Books
P835707,AKL_A131130511_SS-164_Orange,170810.00,133226.00,"Women Fashion"
P835764,ottoman_KT15P102,84100.00,68092.00,"Home & Living"
P836145,Paramount_9789694949451,28710.00,18618.00,"School & Education"
P836472,interwood_HF-19-C5929-22200,70180.00,61712.00,"Home & Living"
P837041,Surmawala_Haier-HWM85-7288-Washing-Machine-White,1705142.00,1108322.00,Appliances
P837603,Q&Q_DE02J502Y,406000.00,276080.00,"Men Fashion"
P837665,"dawlance_9188 Mono",2256200.00,1872646.00,Appliances
P837757,RAJESH_RAJ219,154280.00,128006.00,Others
P837951,"ssw_WC-08-Regular Fit Large",232000.00,171680.00,"Men Fashion"
P838057,audionic6-954217-561370,252300.00,163966.00,Entertainment
P838242,Delsey_8903338058489,126904.00,112926.00,"Home & Living"
P838471,sehgalmotors_268986,96570.00,74356.00,Superstore
P838513,liberty_9788174367181,11600.00,8468.00,Books
P838523,"EP_5500 5 KVA",4756000.00,3852360.00,Appliances
P838611,timex_TW2P97400,521942.00,339242.00,"Men Fashion"
P838853,clickbuscollection_nwc-36,53360.00,35728.00,Others
P838951,bogo_BogoGrand2017karachi,115942.00,90422.00,Others
P839934,"HP_Laser P1102w Black",855210.00,590092.00,Computing
P840720,"Karak_Honey 1 Kg_discounted",81200.00,71456.00,Soghaat
P840906,KI_2185AKBC,150742.00,96454.00,"Home & Living"
P840915,stinnos_A122,115942.00,83462.00,"Kids & Baby"
P841002,timex_T46681,536500.00,477456.00,"Men Fashion"
P841300,Laitalio_Cog-Tan-41-7,374100.00,258100.00,"Men Fashion"
P841336,Shark_G36,4640.00,2958.00,"School & Education"
P841340,Z&A_ZEES-0018,29000.00,22040.00,"School & Education"
P841380,"Turk & Fillmore Board walk black-7",742400.00,549376.00,"Men Fashion"
P841453,Charizma_CV-14,241280.00,183338.00,"Women Fashion"
P841653,Audionic_REX-5-T-50,82650.00,56202.00,Entertainment
P842088,MEGUIAR_A1214,81142.00,51910.00,Others
P842311,"unze_GS5611 -Black-9",318710.00,280430.00,"Men Fashion"
P842330,"SUPER ASIA_SA WCS 65-ELECTRIC WATER COOLER STEEL BODY (65 GALL",1894686.00,1458874.00,Appliances
P842526,"NDF_Almond American 500gm",47850.00,30102.00,Soghaat
P843485,BB_KIDSHD_PIR,46342.00,41702.00,"Kids & Baby"
P844102,"Samsung Galaxy S7 Edge",5161942.00,3355242.00,"Mobiles & Tablets"
P844198,Relaxsit_RS-60,182700.00,111418.00,"Home & Living"
P844218,JBS_TAT-134,298700.00,188152.00,"Home & Living"
P844269,Homage_HEX-1004,836128.00,710674.00,Appliances
P844361,Enviro_ENR-25XDG2,496944.00,387614.00,Appliances
P844813,TBG_AV-B-07-Golden,469800.00,300672.00,"Women Fashion"
P845624,"sanasafinaz_march16_9B-Nationwide Delivery",312446.00,209322.00,"Women Fashion"
P845658,PNG_Always_10000153-Karachi,11020.00,7772.00,Superstore
P846002,sehgalmotors_7007,354090.00,233682.00,Superstore
P846012,KureshiC_083-kemi,92742.00,83462.00,"Beauty & Grooming"
P846112,Castillo_408-CRWBlue-L,957000.00,698610.00,"Men Fashion"
P846345,"MMS_GS 808",69600.00,52200.00,"Health & Sports"
P846596,Google_Black-Google-Chrome-Cast,219820.00,191226.00,Entertainment
P846918,vitamin_moments-gold-delay-condom,139200.00,112752.00,"Health & Sports"
P847388,"iPhone7Plus-Jet Black-256GB",6278326.00,4771486.00,"Mobiles & Tablets"
P847756,"GMZV_PlayStation 4 - 500GB - Region 2 - UK PAL - Black",1890800.00,1304652.00,Entertainment
P847761,"plk_FWI/ 953 638_9",4638840.00,3757414.00,"Men Fashion"
P847875,"da_Ahsan-Ul-Kalam-555 & Pair of Free Story Book",231942.00,166982.00,Books
P847888,"rute2_Coenzyme Q-10 ",83810.00,50286.00,"Health & Sports"
P849120,Timex_TW4B01500,955840.00,735962.00,"Men Fashion"
P849301,"mitsubhisi_1.0 Ton - SRK-13CMK-CS",2697000.00,2373360.00,Appliances
P849639,"Life source_LS-9001",150742.00,102486.00,"Health & Sports"
P849717,Zia_147,7540.00,4640.00,Books
P849857,"rebelz_Rainbow 4 Subjects Notebook ",15660.00,12354.00,"School & Education"
P850692,Epson_L1800,4476150.00,4028506.00,Computing
P850836,Saylani_Health-Contribution-Package-1,116000.00,96280.00,Others
P851255,"Life source_MB-240",159500.00,100456.00,"Health & Sports"
P851316,edukaan_200923,88914.00,79982.00,"Kids & Baby"
P851365,ReadersHeaven_9780330353823,40310.00,26564.00,Books
P851545,Genius_KB-G265-Black,64960.00,50634.00,Computing
P851704,Paramount_9781444112672,28710.00,22098.00,"School & Education"
P852171,AYS_Orient-DC-Inverter-Plus-18,3663222.00,3296894.00,Appliances
P852469,AYS_40U558,2086840.00,1565130.00,Entertainment
P852927,Bata_Bfirst-6516094-39-6,34742.00,28130.00,"School & Education"
P853825,HH-arabis_0120-JC-80_Black-52,165300.00,128934.00,"Women Fashion"
P854438,"Mono Cruiser _Jazzy Two Premium",2204000.00,1917480.00,"Kids & Baby"
P854817,"unze_GS5608 -Beige-9",115942.00,83462.00,"Men Fashion"
P854851,"edukaan_7047-College - 300",16414.00,9802.00,"School & Education"
P854868,kke_SCF690-27,133400.00,89378.00,"Kids & Baby"
P855014,ReadersHeaven_9781849040495,40310.00,33814.00,Books
P855211,test-product,116.00,58.00,Others
P855575,RS_Pack-of-three-Rehmat-e-Shereen-Coconut-Bites,23200.00,17400.00,Soghaat
P855806,"GMZV_Xbox One S 500GB-PAL (Without Kinect)",1709550.00,1282148.00,Entertainment
P856998,Ifitness_Ab-King-pros,400200.00,308154.00,"Health & Sports"
P857130,HAIER_HSU-18HNH,3782818.00,2837070.00,Appliances
P857346,Paramount_9814070246,34510.00,24476.00,Books
P857748,"tmx_wtch_ T2N720_12",1305000.00,978750.00,"Men Fashion"
P857849,"Horsie_HK 305",182700.00,160776.00,"Kids & Baby"
P858025,"LM_BS1052-6-7 Years",40310.00,32596.00,"Kids & Baby"
P858068,"RB_Dettol Germ Busting Kit-bf",26100.00,18270.00,Others
P858122,"BP_GA35029-9-10 Years",52142.00,34916.00,"Kids & Baby"
P858554,"MORG_GCS 04",412380.00,317492.00,"Health & Sports"
P858654,"Elite_Self Balancing Electric Scooter-Black",1391942.00,1113542.00,"Kids & Baby"
P858730,Lenovo_80UD00DLAK,2496900.00,2122336.00,Computing
P858785,Haier_HRF-305,1653928.00,1075030.00,Appliances
P858868,akl_A132124689_GFSU1140-S,303514.00,251894.00,"Women Fashion"
P858901,BP_PS19825-Spongebob,12122.00,7366.00,"School & Education"
P858902,IKEA_70098989,87000.00,74820.00,"Home & Living"
P859391,AKL_A131138790-SS-122-17,139200.00,104400.00,"Women Fashion"
P859642,Bata_Power-8386002-43-9,173942.00,121742.00,"Men Fashion"
P859811,liberty_9781445448046,34510.00,24128.00,Books
P860159,liberty_9780307945464,46110.00,40078.00,"School & Education"
P860540,"StPat_Belt Pant_13 - 14 yrs-Size 40/34",38280.00,31378.00,"School & Education"
P861342,"Haier_1.5 Ton Split Air Conditioner - HSU-18LKE",2465000.00,2193850.00,Appliances
P861739,clickbuscollection_nwc-29-Purple,56840.00,47734.00,Others
P862377,"IRIScan_IRISCan Anywhere 2",921330.00,718620.00,Computing
P862391,lenovo_20ET000M00,3758110.00,2968904.00,Computing
P862989,"Ref_Paris 1155 Black-44",231710.00,166808.00,"Men Fashion"
P863002,"RUB_Kemei_KM-580 A",86942.00,53012.00,"Beauty & Grooming"
P863167,Kenwood_KLV-1215,2059000.00,1832510.00,Appliances
P863492,TTmachine_pakistan05-M,23142.00,17574.00,"Men Fashion"
P863752,Haier_HRF-380,2269424.00,1497792.00,Appliances
P864121,MEGUIAR_G36516,110664.00,89610.00,Others
P864196,"american_tourister Rome UR  66Black",478500.00,330136.00,"Men Fashion"
P864992,"CI_B- 004",91350.00,58464.00,"Home & Living"
P865636,L&L_LLABF722,27840.00,16936.00,"Home & Living"
P866020,"BParcel_Mini TOUCHPAD  500RF-BLACK",133342.00,110664.00,Computing
P866332,Transcend_TS4TSJ35T3,899000.00,800110.00,Computing
P866424,Zia_147A,6960.00,6090.00,Books
P866480,"MDF 004_Cashews Roasted 250 gm",30450.00,21576.00,Soghaat
P867109,Samsung_A7-2017-Black,3044942.00,2253242.00,"Mobiles & Tablets"
P867231,Dany6-954217-555652,118900.00,105792.00,Computing
P867309,"RMSON_TM4222F MW WH",1017900.00,814320.00,"Men Fashion"
P868339,"HP_Officejet 2540 Wireless (3-in-1)",290812.00,212280.00,Computing
P869132,yankee_5038500008357,117450.00,77488.00,"Home & Living"
P869468,PucaM_SS-25-BLACK-43,87000.00,74820.00,"Men Fashion"
P869522,Mannan_Leather_tie_clip,58.00,0.00,Others
P869633,"Kansai_High Heat Auto _ Whitw",48024.00,31204.00,Others
P869828,SFEVER_MP213,539400.00,356004.00,"Beauty & Grooming"
P870040,timex_T2P521,399040.00,347130.00,"Men Fashion"
P870079,"PHILIPS_HAIR TRIMMER QC 5130/15",219762.00,149408.00,"Beauty & Grooming"
P870525,HOS-m_CKEIM100,132240.00,88566.00,"Beauty & Grooming"
P870849,"edukaan_7041-A4 - 120 Pages",9454.00,8120.00,"School & Education"
P870886,"b&d_Vacuum Cleaner VM1430",401070.00,332862.00,Appliances
P871469,"Castillo_CW-754-Dark Brown Suede-42",532440.00,372708.00,"Men Fashion"
P871588,Trendz-TR-0330,28420.00,24418.00,"Kids & Baby"
P871784,"greenroot_Diabetic Cure",174000.00,113100.00,"Health & Sports"
P871942,"HP_Laser Color 252n",1387940.00,1040926.00,Computing
P872485,"Herbo Natural_5",162400.00,128296.00,"Health & Sports"
P872646,Zia_125K,69600.00,50112.00,Books
P872873,rute2_2821,176900.00,152134.00,"Health & Sports"
P872944,Samsung_60inchesKU7000,14209942.00,12362642.00,Entertainment
P872958,ALK_FC-08-17-A131140049,551000.00,385700.00,"Women Fashion"
P873191,BE_Minions-TOOTHPASTE-DESPENSER,35670.00,22446.00,"Kids & Baby"
P873818,SNU_Tena-Durrani-TD16W-Kelly,841000.00,529830.00,"Women Fashion"
P874325,ALK_FC-07-17-A131140048,493000.00,359890.00,"Women Fashion"
P874421,"cr_PISTA SALTED-200 GM",22620.00,19894.00,Soghaat
P874651,xenium_PC-201656,199520.00,145638.00,"Home & Living"
P874899,JBS_CRY-024,602910.00,373752.00,"Home & Living"
P875143,"MORG_GCS 37",1247000.00,997600.00,"Health & Sports"
P875224,"Tmaster_C D Rom",57942.00,41702.00,Books
P875628,"C-tee_Pack of 3 Independence Day Kids T-Shirts-M",41760.00,29232.00,"Kids & Baby"
P875648,naushemian_001-L,243600.00,202188.00,"Men Fashion"
P875936,"MotoZ-White-Fine Gold",4349942.00,3044942.00,"Mobiles & Tablets"
P876056,"lamp_Lamp Shade Umbrella3S",185600.00,135488.00,"Home & Living"
P876142,"Chk_Green Chilli Pickle 300 gms with Free Mix Pickle 300 gms",26100.00,20068.00,Superstore
P876695,samsung_32J4100,1716220.00,1132682.00,Entertainment
P876996,ahp_EOS-80D-Digital-SLR-Camera-Black,8410000.00,5466500.00,Entertainment
P877152,HP_AB201TUN8L18PA,3219000.00,2832720.00,Others
P877240,"head_273406-UK 11",417020.00,283562.00,"Men Fashion"
P878123,tmx_wtch_T49866,1187550.00,914370.00,"Men Fashion"
P878538,RBT_RB-004-3pcs,58000.00,44660.00,"Home & Living"
P878609,shubinak_SWS14-JAK-1020-M/L,1044000.00,762120.00,"Women Fashion"
P878889,"plk_FWI/ 927 822_6",5636440.00,4170954.00,"Men Fashion"
P878986,Paramount_9789696371342,22910.00,17400.00,"School & Education"
P879236,"GS_BH025-18-24 M",115710.00,85608.00,"Kids & Baby"
P879344,Sigma_54914,193140.00,135198.00,"Health & Sports"
P879737,BP_PS00398-Transportation,28710.00,24360.00,Books
P880103,Omron_MC-720-E,397184.00,337560.00,"Health & Sports"
P880259,JBS_WEN-043,109040.00,93728.00,Others
P880316,"AYS_A-C -8-LNA",2899942.00,2174942.00,Appliances
P880632,interwood_HA-AN813020-S-23559,176610.00,105966.00,"Home & Living"
P880638,GFE_TRAVEL-DINING-TRAY,38860.00,27550.00,Superstore
P881523,liberty_9789351361725,28710.00,21228.00,Books
P881832,GA_CL-221-A-136077,203000.00,136010.00,"Women Fashion"
P882089,"Samsung Galaxy S6 Edge 32GB SM-G925F",3422000.00,2977140.00,"Mobiles & Tablets"
P882365,Dawlance_Inspire-Plus-Inverter-30-brown,3458308.00,3043260.00,Appliances
P882424,J&J_JJ-029,138910.00,98600.00,"Kids & Baby"
P883341,"sanaulla_NA17E 03 ",841000.00,571880.00,"Women Fashion"
P883526,"Rajesh_Red Sauna Belt Waist Trimmer",96280.00,62582.00,"Health & Sports"
P883614,Samsung_55inchesK6000,7771942.00,5984382.00,Entertainment
P884332,"edukaan_7066-A4 - 6 Subjects",16530.00,12702.00,"School & Education"
P884353,HOS-m_HRMTDHM75,454140.00,290638.00,"Beauty & Grooming"
P884518,"Baklawa_Mabroom Chocolate Cashew-1Kg",110200.00,85956.00,Soghaat
P884993,Tri-Angels_FR1742,92800.00,74240.00,"Home & Living"
P885003,audionic_6954217856834,455300.00,409770.00,Entertainment
P885091,SNU_NA16E2-03,841000.00,571880.00,"Women Fashion"
P885392,Samsung_A3-2017-Gold,1870442.00,1234472.00,"Mobiles & Tablets"
P885558,"greenroot_Clear Vision",81200.00,52780.00,"Health & Sports"
P885573,oxford_9780199401871,45240.00,36192.00,"School & Education"
P885778,"samsungGALAXY J510F-2016 DS LTE-Gold",1444200.00,866520.00,"Mobiles & Tablets"
P885797,"Bundle 2 smsm_bundle02",127542.00,91814.00,Superstore
P886148,"Fmate_Steak Dry Marinade",13282.00,9918.00,Superstore
P886407,Audionic_6-954217-534473,102138.00,81664.00,Entertainment
P886455,PS4_Slim-500GB,1971942.00,1321182.00,Entertainment
P886503,Paramount_9789694945798,22910.00,19198.00,Books
P886627,"Haier_HWM 80-000",795760.00,557032.00,Appliances
P886999,Fidato_537-904-W-brown-41,406000.00,276080.00,"Men Fashion"
P887047,BP_PS00398,28710.00,22388.00,Books
P887142,"sanasafinaz_march16_11A-Nationwide Delivery",312446.00,215586.00,"Women Fashion"
P887205,Timex_L502,350320.00,297772.00,"Men Fashion"
P887375,Ifitness_RT112,3712000.00,2375680.00,"Health & Sports"
P887380,"RS_Baklawa 500gm",19140.00,17226.00,Soghaat
P887401,mt_Lenovo-Wireless-Mouse-300-with-rechargeable-battery,87000.00,71340.00,Computing
P887411,paramount_9780141373027,46748.00,32248.00,Books
P887897,RM_Sony-DSLR-ILCE-5100Y,5162000.00,3303680.00,Entertainment
P888366,"Changhong Ruba 50 Inches D2100 LED TV",3184200.00,2133414.00,Entertainment
P888494,"Turk & Fillmore_Super Natural II-42",1885000.00,1508000.00,"Men Fashion"
P888526,Sigma_55366,243600.00,219240.00,"Health & Sports"
P888661,Surmawala_Haier-12ECO-Air-Conditioner-White,1950540.00,1579920.00,Appliances
P888679,"SUPER ASIA_GH 555-55 GLN CAPACITY",1314686.00,1064880.00,Appliances
P888832,sehgalmotors_5317,96570.00,80098.00,Superstore
P888890,"TSS_Light Green Kameez with White Shalwar-4 - 5 yrs - Size 26",31900.00,24882.00,"School & Education"
P889070,swi_MXCTRBL,8410.00,6728.00,"School & Education"
P890236,HOS-m_MBEM100,313200.00,203580.00,"Beauty & Grooming"
P890273,"CITY_White Shirt Half Sleeves Prep to X-10 - 12 yrs - Size 28",42920.00,32190.00,"School & Education"
P890500,liberty_9781591748328,150510.00,117392.00,Books
P891260,BBS_C007,267960.00,160776.00,"Kids & Baby"
P891517,sanasafinaz_SS-1B,403100.00,334544.00,"Women Fashion"
P891969,"SUPER ASIA_GH 535-35 GLN CAPACITY",1140686.00,707194.00,Appliances
P892074,"Rubian_Rubian Car Sun Visor Tissue Box - Green ",52142.00,44312.00,Others
P892177,"Lunar Kb Expert Usb",20880.00,18792.00,Computing
P892233,Bata_Bfirst-3216008-33-1,52142.00,43790.00,"School & Education"
P892750,liberty_9780099514220,46110.00,35960.00,Books
P893202,liberty_9781780975351,75110.00,66816.00,Books
P893417,Aladdin_229-RC_CAR-138-19-20,41180.00,32944.00,"Kids & Baby"
P894024,timex_T2N790,455300.00,309604.00,"Men Fashion"
P894301,Timex_TI000W20300,369750.00,281010.00,"Women Fashion"
P894360,Genius_Imperator-Pro-Black,145000.00,88450.00,Computing
P894365,"Baklawa_Asabea Cashew-1Kg",69600.00,52896.00,Soghaat
P894459,"UNEL_Haier 42 Inch B9000",1911680.00,1624928.00,Entertainment
P894504,"braun_10000893_SE5680 BFS MEA ",400200.00,272136.00,"Beauty & Grooming"
P894509,"col qadri_9789699646027",55100.00,47908.00,Books
P894654,"Rajesh_Y Pad English Learning Computer",47560.00,40426.00,"Kids & Baby"
P894676,stinnos_A127,89842.00,69136.00,"Kids & Baby"
P894743,"emarthazir_BBQ Pro Kit-Lahore",58.00,0.00,"Home & Living"
P894914,"Apple iPhone 6 Plus (16GB) Space Grey",4871942.00,3800102.00,"Mobiles & Tablets"
P895097,Samsung_32inchesK5100,4639942.00,3665542.00,Entertainment
P895240,interwood_HA-HLZ9A115-38562,92800.00,67744.00,Others
P895362,sputnik_701/D14-9,87000.00,59160.00,"Men Fashion"
P895957,Assetmen_MD-069-C-BLUE-32,147900.00,115362.00,"Men Fashion"
P896051,oxford_9780195475494,13630.00,9628.00,"School & Education"
P896277,"yamaha_EF2600FW (RECOIL)",3886000.00,3497400.00,Appliances
P897301,Paramount_9789694949697,22910.00,19894.00,"School & Education"
P897665,Zia_AF3,19140.00,16066.00,Books
P897820,edukaan_201519,162400.00,133168.00,"Kids & Baby"
P898417,corio_c101223-45,406000.00,353220.00,"Men Fashion"
P898726,AKL_GFKU2369-L,434710.00,347768.00,"Women Fashion"
P899148,"samsungGALAXY J710F-2016 DS LTE",1913942.00,1512002.00,"Mobiles & Tablets"
P899584,Enviro_EAC-18,2322146.00,1996998.00,Appliances
P899811,HAS_1022,247138.00,202652.00,Entertainment
P900096,Relaxsit_RS-21,58000.00,45820.00,"Home & Living"
P900284,KureshiC_BLW-008-PO2,46342.00,27782.00,"Men Fashion"
P900471,IKEA_30242291,1009200.00,686256.00,"Home & Living"
P900572,"cc_samsung_A520-LIGHT BLUE",2170534.00,1345716.00,"Mobiles & Tablets"
P900623,Z&A_ZEES-0122,57768.00,36366.00,Others
P900885,"sanasafinaz_march16_11B-Nationwide Delivery",312446.00,190588.00,"Women Fashion"
P900904,JBS_TAT-212,131080.00,103530.00,"Home & Living"
P901784,PNG_Pampers_10003594-Lahore,58.00,0.00,Superstore
P902159,Lenovo_Ideapad-110-ci3,2114680.00,1712856.00,Computing
P902203,rhythm_G1105S-03,632142.00,417194.00,"Men Fashion"
P902340,emart_0-80,72442.00,49242.00,"Home & Living"
P902817,"Aladdin_Wrench_Snap N Grip_01",69600.00,59160.00,Others
P902887,Samsung_55inchesK6500,8119942.00,6089942.00,Entertainment
P903606,Ctees_CK-HP5-M,65830.00,44080.00,"Kids & Baby"
P903738,HOS-W_VERYDW90,279270.00,212222.00,"Beauty & Grooming"
P904043,"ISn 100% Whey Protein Chocolate",145000.00,117450.00,"Health & Sports"
P904474,alrafa_Safri-Dates-400g,41180.00,25926.00,Soghaat
P904517,BK1020200CF,19140.00,11658.00,Soghaat
P904519,"Transcend_64GB JetFlash 810",165300.00,112404.00,Others
P904871,liberty_9780553211894,16240.00,12644.00,Books
P905261,streets_SS-63-L,63742.00,41412.00,"Men Fashion"
P905672,Naushemian_#0027-Blue-M,2610000.00,2296800.00,"Women Fashion"
P905749,Senorita_GAK-836-RED-40,114260.00,85666.00,"Kids & Baby"
P905844,madela_CALMA,182700.00,111418.00,"Kids & Baby"
P906116,sputnik_510/2-8,290000.00,200100.00,"Men Fashion"
P906358,Swatch_YIS405G,1513742.00,1316948.00,"Men Fashion"
P907149,timex_SS01,301600.00,223184.00,"Women Fashion"
P907173,RAJESH_RAJ132,77140.00,63220.00,"Kids & Baby"
P907309,"Turk & Fillmore Lazaretto Black-42",841000.00,647570.00,"Men Fashion"
P908014,Edukaan_201540,86594.00,65772.00,"Kids & Baby"
P908466,BK7010400AG,32190.00,25056.00,Soghaat
P908867,J&J_JJNR19,23142.00,18966.00,"Kids & Baby"
P909026,"Rajesh_Cricket Wickets with Spring",116000.00,78880.00,"Health & Sports"
P909766,RBT_RB-0027,58000.00,51040.00,"Home & Living"
P909783,HOS_GUCENVW100,360180.00,302528.00,"Beauty & Grooming"
P910168,Aladdin_75-Baby-Sports-Car-HD3667,115942.00,83462.00,"Kids & Baby"
P910200,"Eco Star_32U557_561",1183780.00,875974.00,Entertainment
P910456,"Apple iPhone 6 (64GB) Silver",4893750.00,3621346.00,"Mobiles & Tablets"
P911055,liberty_9780670923540,63510.00,47618.00,Books
P912231,oxford_9780195477009,8700.00,5626.00,Books
P912645,"Monocruiser_CLB Z676 AR Audi",980200.00,803764.00,"Kids & Baby"
P912809,AKL_A131130455_SS-145_Black,397300.00,242324.00,"Women Fashion"
P912922,"Harry Potter and The Cursed Child-Hazir-Islamabad",110200.00,96976.00,Books
P913675,babyw_1837,25520.00,20880.00,"Kids & Baby"
P913842,Relaxsit_RS-40,133400.00,80040.00,"Home & Living"
P914036,Sapphire_SS1150-SML-999-L,138620.00,120582.00,"Women Fashion"
P914124,lamart_LMZ009,55216.00,40832.00,"Home & Living"
P914171,"StripyInterior_ Disney Cars",115942.00,104342.00,"Home & Living"
P914247,liberty_9780751553338,55100.00,41296.00,Books
P914543,shubinak_SWW14-BS-240B,464000.00,315520.00,"Women Fashion"
P914565,aybeez_ABZ-678-M,69542.00,45878.00,"Men Fashion"
P915427,"Kansai_Vinyl & Fabric _ Sand",48024.00,35032.00,Others
P915921,Timex_A501,173942.00,118262.00,"Men Fashion"
P915936,Tmall_SpyPen_2GB,75342.00,67802.00,"School & Education"
P916538,Epson_L1300,3708810.00,2818684.00,Computing
P916706,AKL_A01136156-AW-02-Beige,150800.00,120640.00,"Women Fashion"
P917318,naushemian_#0039-M,319000.00,248820.00,"Women Fashion"
P918122,lenovo_80HR00AKUE,2456010.00,2063002.00,Computing
P918949,stinnos_A104,156542.00,125222.00,"Kids & Baby"
P919011,"orbit_Light Purple Sofia the First -4-6 yrs",203000.00,166460.00,"Kids & Baby"
P919215,"phub_Obsession by Calvin Klein 100ml EDP",189544.00,162980.00,"Beauty & Grooming"
P919433,"aw_AIR MAX MOISTURE ABSORBER & REFILLER-450gm",40310.00,25346.00,Others
P919536,"FHM_HIGH POINT TABLE SET",1238300.00,804866.00,"Home & Living"
P919937,"dwf_Key Biscayne  SOB02-0014 Versus by Versace Watch",661200.00,416556.00,"Women Fashion"
P920036,rhythm_G1107S-03,608942.00,438422.00,"Men Fashion"
P920137,emart_0-64,14500.00,11716.00,"Home & Living"
P920155,Arino_111-4105-Brown-42,269700.00,231942.00,"Men Fashion"
P920290,AmanJee_PB001,1925600.00,1540480.00,"Women Fashion"
P920311,"kansai_Undercoating Aerosol",105850.00,87812.00,Others
P920632,Bparcel_N4050,115942.00,73022.00,Computing
P920906,Naushemian_#0028-Offwhite-L,3480000.00,2818800.00,"Women Fashion"
P921027,"BParcel_MXV 1+8G-BLACK",336342.00,262334.00,Computing
P921070,LenovoB5180-i7,3625000.00,2718750.00,Computing
P921448,"edukaan_7083-A4 - 6 Subjects",16298.00,11194.00,"School & Education"
P921460,"Adata_Adata SSD-960GB",1886450.00,1622318.00,Computing
P921628,paramount_9789812858894,19778.00,15776.00,"School & Education"
P921723,Zia_AD12,15660.00,9512.00,Books
P922144,oxford_9780199128181,95700.00,64090.00,"School & Education"
P922211,AT-Frozen-Frock-XL,73312.00,45414.00,"Kids & Baby"
P922501,"liberty_Green Cardigan for Girls-6 - 7 yrs - Size 28",38860.00,32596.00,"School & Education"
P922502,oxford_9780195978216,87000.00,53070.00,"School & Education"
P922879,HOS_RLRW100,481400.00,414004.00,"Beauty & Grooming"
P922939,"majestic_15 Pieces Cookware Set",326250.00,212048.00,"Home & Living"
P923065,Gree_24CZ8,4196300.00,3734678.00,Appliances
P923197,Xpert_XRH-SB-90,3422000.00,2361180.00,Appliances
P923232,"Baklawa_Plain Hareesa-1Kg",52200.00,32886.00,Soghaat
P923508,Q&Q_F298-204Y,147900.00,112404.00,"Men Fashion"
P923712,"sapil_Sapil Nice Feelings Blue Men 75ML",92974.00,80852.00,"Beauty & Grooming"
P924152,RAJESH_RAJ162,177480.00,110026.00,"Beauty & Grooming"
P924281,Aladdin_055-BO_CAR-2088-2,56724.00,48198.00,"Kids & Baby"
P924655,Surmawala_Haier-HDF-385H,2215542.00,1351458.00,Appliances
P924730,"tr_Pure Natural Wild Honey 1  Kg.",81200.00,66584.00,Soghaat
P924998,"BO_Kiss Beauty Contour Stick - Brown",16820.00,13108.00,"Beauty & Grooming"
P925502,"hyundai_HGS2500 ",2493942.00,2194662.00,Appliances
P925806,BO_playblocks-CR-20,87000.00,71340.00,"Kids & Baby"
P926387,"infinix_Zero 4-Grey",1333942.00,1160522.00,"Mobiles & Tablets"
P926685,Carson_CB-02-001-43-9,243542.00,155846.00,"Men Fashion"
P926714,Progressive_9780340940105,22910.00,19430.00,Books
P926715,PNG_Pampers_10003449-Karachi,125280.00,92684.00,Superstore
P926871,Timb-women_8408B-6,1099100.00,879280.00,"Women Fashion"
P927113,P&P_365IKJ278967,23142.00,19894.00,Books
P928328,"Fidato Ankle High Boot 309-872-40",435000.00,330600.00,"Men Fashion"
P928710,Lacie_LAC9000633-4TB,1421000.00,852600.00,Computing
P929346,RAJESH_RAJ170,111940.00,87290.00,"Beauty & Grooming"
P929795,kke_SCF66327-260-ml,192850.00,160022.00,"Kids & Baby"
P930162,IKEA_90282180,292320.00,239656.00,"Home & Living"
P930623,AKL_A131128777_SS-33_Yellow,230550.00,159036.00,"Women Fashion"
P930755,"IMAC 21.5-INCH 2.7GHZ QUAD CORE i5",9802000.00,6861400.00,Computing
P931387,"Turk & Fillmore_Super Natural II-45",1885000.00,1376050.00,"Men Fashion"
P931487,vitamin_xest,145000.00,120350.00,"Health & Sports"
P932046,Tmall_MM_Arzulex_BBQ_Grill_Pan,165242.00,138794.00,"Home & Living"
P932250,HOS_CDDJW100,748200.00,613524.00,"Beauty & Grooming"
P932314,Phillips_HP8201,170752.00,121220.00,"Beauty & Grooming"
P932773,HP_Printer-2132,218950.00,157644.00,Computing
P933504,col_qadri_96989179647058,46400.00,29232.00,Books
P933549,LS_8961008200927,19720.00,14152.00,Superstore
P933565,"qmobile_Noir J7-Gold",985942.00,611262.00,"Mobiles & Tablets"
P933986,LC_3349668508587,429200.00,321900.00,"Beauty & Grooming"
P934032,Haier_HSU-18LKE,2700248.00,2025186.00,Appliances
P934275,"Castillo_CR-01-Natural D",783000.00,532440.00,"Home & Living"
P934423,liberty_9780307479402,46110.00,31784.00,Books
P934548,"mitsubishi_1.5 ton SRC 18CLK",3456800.00,3076552.00,Appliances
P934707,PlanetX_PX-9093,43500.00,28710.00,"Kids & Baby"
P936007,"RUB_Kingston_16 gb USB Flash drive",40600.00,36134.00,Computing
P936810,Delsey_24083008,1015000.00,852600.00,"Home & Living"
P937474,PlanetX_PX-9243,124410.00,80852.00,"Kids & Baby"
P937597,Emo_CS-25993-42,92800.00,63104.00,"Men Fashion"
P937612,mm_AG-09,69600.00,43152.00,Others
P937805,LS_8961100500017,52490.00,38280.00,Superstore
P938289,akl_A132124674_GFSU1137-L,283214.00,181250.00,"Women Fashion"
P938347,AYS_Haier-18HNF,3931789.26,3499256.00,Appliances
P938447,fitn_612524152136,226200.00,183222.00,"Health & Sports"
P938702,GO-Girl_694010,466320.00,401012.00,"Women Fashion"
P938810,stinnos_A102,86942.00,54752.00,"Kids & Baby"
P938830,Tmall_MM-DR-ND,43442.00,35612.00,"Home & Living"
P939305,"Gmart_Vivosmart HR+ 1",1450000.00,942500.00,"Health & Sports"
P939539,Ahan_WWST-001,185600.00,142912.00,"Home & Living"
P939904,"Kenwood_KENWOOD E-SENSE 1.5 Ton",2261420.00,1605556.00,Appliances
P940197,"SANASAFINAZ_DESIGN NO.14 A",192850.00,152308.00,"Women Fashion"
P940817,Jaza_basmati5_free1kg,40020.00,32016.00,Superstore
P940945,"TBG_AV-B-05-Multi Color",391500.00,274050.00,"Women Fashion"
P941691,sigma_2639,88740.00,57652.00,"Health & Sports"
P941905,sehgalmotors_296111,106256.00,64786.00,Superstore
P941983,BP_PS19985,34510.00,31030.00,Books
P942842,interwood_HF-01ILO-40659,1392000.00,1197120.00,"Home & Living"
P942856,interwood_HA-D3314-40680,66120.00,43616.00,"Home & Living"
P943107,cc_Samsung_Galaxy_S8_gold,4872000.00,3020640.00,"Mobiles & Tablets"
P943195,timex_T49867,863040.00,621354.00,"Men Fashion"
P943518,JBS_TAT-128,212976.00,153294.00,"Home & Living"
P944148,AT-Army-Dress-24,77140.00,52432.00,"Kids & Baby"
P944228,"Nurai_MD-838 -12Y",153700.00,112172.00,"Kids & Baby"
P944816,"HR_Bhujia 200g",12180.00,8236.00,Soghaat
P944819,"RUB_Dingling_RF-609 ",81142.00,53534.00,"Beauty & Grooming"
P945237,Ctees_BH-K-HPR-L,46342.00,30102.00,"Kids & Baby"
P945920,sgm_KTM-Polishing-Buffer-Heavy-Duty-For-Detailing,377000.00,278980.00,Superstore
P946198,emart_Revoflex-Xtreme,115942.00,96222.00,"Health & Sports"
P946362,"Life source_FINGER PULSE OXIMETER",127542.00,87986.00,"Health & Sports"
P946981,"Audionic Reborn RB-107",284200.00,227360.00,Computing
P947714,"unze_GS5647 -Black-9",289710.00,217268.00,"Men Fashion"
P948018,"itech_Apple Macbook Air 13.3  MMG F2",7076000.00,5377760.00,Computing
P948060,"cn_clc_ AS-220RTS",50750.00,36018.00,"School & Education"
P948260,Iamofficial_IAM-0102,33350.00,28304.00,"School & Education"
P948303,"adenwala_Deal No.1",116000.00,93960.00,Superstore
P948350,PBG_D-1415,150742.00,93438.00,"Home & Living"
P948478,Jaza_2Sela5kg+FOC,93502.38,61654.00,Superstore
P948525,sehgalmotors_189146,579420.00,475078.00,Superstore
P948769,emart_00-1,37642.00,32712.00,Others
P948892,"dawlance_Inspire Plus 30 White",2956260.00,2601474.00,Appliances
P950153,"aw_CRC DUST FREE -400ml  ",107300.00,83694.00,Others
P950245,Rajesh_RAJ54,71050.00,61770.00,"Home & Living"
P950527,"Audionic_Rb 106",649600.00,480704.00,Computing
P950804,HH-arabis_0120-JC-82_Black-58,165300.00,125628.00,"Women Fashion"
P950869,"Naushemian_#0030-Light Red-L",1276000.00,791120.00,"Women Fashion"
P950932,lenovo_80J2001AUE,4395240.00,2681050.00,Computing
P950957,"Turk & Fillmore_Super Natural II-46",1885000.00,1677650.00,"Men Fashion"
P951249,"UK_Namkino Mix Nimco 5 Pcs Gift Pack",28710.00,24650.00,Soghaat
P951333,"WD_WD - MP - 2TB",572460.00,435058.00,Others
P951406,Orient_32L4143,1087500.00,815596.00,Entertainment
P951797,"CITY_Light Grey Belt Pant-Size L 42 - W 40",60900.00,41992.00,"School & Education"
P951813,Mardaz_EN6YGNAF-green-M,20242.00,12528.00,"Men Fashion"
P951914,"Turk & Fillmore Lazaretto Black-43",841000.00,689620.00,"Men Fashion"
P952401,PlanetX_PX-9088,172840.00,107126.00,"Kids & Baby"
P952868,Aladdin_UMR_CM_1091,57420.00,45936.00,"School & Education"
P952872,HP_15AY-15-Ay189NIA-ci5,2869840.00,2554146.00,Computing
P953165,Progressive_9788131936412,8700.00,6960.00,Books
P953248,"Audionic Reborn RB-90",574200.00,424908.00,Computing
P953664,GL_1055,145000.00,105850.00,"Home & Living"
P953841,JBS_TAT-199,215528.00,170230.00,"Home & Living"
P954492,HOS-M_CKOREM100,145464.00,111998.00,"Beauty & Grooming"
P954541,"INFIINIX_HOT S X521",980142.00,617468.00,"Mobiles & Tablets"
P954578,JBS_IFAM-025,66700.00,45994.00,Others
P954748,"MDF 018_Ajwa Dates 250 gm",31900.00,28072.00,Soghaat
P955347,timex_T2P391,450370.00,378276.00,"Men Fashion"
P955365,Paramount_9780521186049,64188.60,56434.00,"School & Education"
P955377,"MHS_Metallic Cuff White-Bed Sheet - [Size] Double",440800.00,264480.00,"Home & Living"
P956221,Samsung_55inchesK5300,6495942.00,4352262.00,Entertainment
P956651,s_tv_KDL-48R562C,4827282.00,3475592.00,Entertainment
P956967,"RUBD_LE-40 inches - LED - HD Ready",2040150.00,1428076.00,Entertainment
P957127,samsung_370,261000.00,216630.00,Entertainment
P957169,sony_DSLR-ILCE-5000Y,4374940.00,3281176.00,Entertainment
P958194,"dawlance_91996 - H-ZONE PLUS Refrigerator with Dawlance MD-7 20L",3026150.00,2360368.00,Appliances
P958384,"Baklawa_Baklava Pistachio-1Kg",81200.00,56028.00,Soghaat
P958462,UnzeLondon_GS4353-11,115942.00,73022.00,"Men Fashion"
P958489,cc_Samsung_Galaxy_S8_Gray,4872000.00,3897600.00,"Mobiles & Tablets"
P959132,"dawlance_9122 MDS",1437530.00,1121256.00,Appliances
P960015,PHILIPS_HP8105_29,135720.00,115362.00,"Beauty & Grooming"
P960615,Toyworld_TW-100,359600.00,276892.00,"Kids & Baby"
P960755,Progressive_9781472382535,47850.00,39672.00,Books
P960973,clickbuscollection_nwc-32,53360.00,34684.00,Others
P961217,Xenium_BM-2016186,57942.00,49822.00,"Beauty & Grooming"
P961229,barico_BS034-,87000.00,54810.00,"School & Education"
P961238,Tmall_Vimax,185020.00,144304.00,"Health & Sports"
P961253,zubairco_37455_scissor,6380.00,5336.00,"School & Education"
P961578,"Monocruiser_CLB Z681BR Mercedes",1073000.00,847670.00,"Kids & Baby"
P961919,"Gmart_Sport Heart Rate Bracele 1",232000.00,146160.00,"Health & Sports"
P961955,ziqi_Zn-1455-TS,50170.00,42630.00,"Kids & Baby"
P962189,"Monocruiser_BL-318C Bike",632200.00,442540.00,"Kids & Baby"
P962586,"unze_GS5639 -Coffee-8",115942.00,102022.00,"Men Fashion"
P962626,smsm_220240,41180.00,30856.00,Superstore
P962651,AKL_A132138255_GFSU1344-M,405420.00,243252.00,"Women Fashion"
P962657,PlanetX_PX-9307,78242.00,49242.00,"Kids & Baby"
P963131,HP_Core-i5-6200U,3949800.00,3475824.00,Computing
P963185,"MORG_GCS 28",516780.00,459882.00,"Health & Sports"
P963316,"Dawlance_DW-131 HP",701800.00,610566.00,Appliances
P963407,KureshiC_230-bat,78242.00,58638.00,"Health & Sports"
P963905,"lm_READERS DIGEST MONTHLY (ASIAN)-Subscription",147030.00,114666.00,Books
P964018,Tmall_Autocool,57942.00,35322.00,Others
P964141,"corio_C 101150-45",406000.00,308560.00,Others
P964158,casio_SHE-3803D-7AUDR,800400.00,672336.00,"Women Fashion"
P964389,xenium_DFC-201668,168200.00,100920.00,"Home & Living"
P964474,sanasafinaz_SS-3B,403100.00,286172.00,"Women Fashion"
P964844,Geepas_GMO1885,1130942.00,678542.00,Appliances
P964888,timex_T2N942,1566000.00,1205820.00,"Men Fashion"
P965132,"Samsung_Samsung NX2000 20.3MP Smart WiFi Digital Camera",2009700.00,1205820.00,Entertainment
P965272,"West Point_WF-929",99644.00,73718.00,Others
P965921,"iPhone7Plus-Matte Black-128GB",5949466.00,3867150.00,"Mobiles & Tablets"
P965987,"Al Muhafiz Sohan Halwa Almond",26680.00,18908.00,Soghaat
P966160,CUR_CUD-76,86942.00,71282.00,"Men Fashion"
P966750,GA_PM-200-137350,635100.00,438190.00,"Women Fashion"
P966870,"Fmate_Chicken Aaloo Qeema",17342.00,12122.00,Superstore
P967875,"pny_OU3 -32GB",75400.00,58812.00,Others
P968632,"tcl_32 inch D2730 Golive-2 LED TV",1480160.00,1302506.00,Entertainment
P969028,"Ref_Top man 1113-Tan-43",231710.00,178408.00,"Men Fashion"
P969298,GA_CT-213-138180,319000.00,248820.00,"Women Fashion"
P969410,"Fmate_Chicken Kabab Fry",19662.00,12934.00,Superstore
P970103,"TKS_m969-10-12 Yrs",115942.00,103182.00,"Kids & Baby"
P970355,Paramount_9781107638457,188790.00,154802.00,"School & Education"
P970458,RAJESH_RAJ183,88740.00,55854.00,"Kids & Baby"
P970560,GBHII_GS9-MUSTARD-MUSTARD-9,120060.00,108054.00,"Men Fashion"
P970961,cc-hTC-One-A9-silver,3171440.00,2790844.00,"Mobiles & Tablets"
P971469,"GMZV_Xbox One PAL -  500GB - Black",1571742.00,1147356.00,Entertainment
P971775,Paramount_9789696372516,40310.00,32596.00,Books
P972044,"MORG_GCS 17",632200.00,486794.00,"Health & Sports"
P972295,stinnos_EidDeal3,97440.00,86710.00,"Kids & Baby"
P972345,"Huawei Mate 8 With 4GB Ram",3711942.00,3303622.00,"Mobiles & Tablets"
P973241,"Audionic_DJ 500",1537000.00,1229600.00,Computing
P973411,"Adata_Adata SSD-120 GB",335762.00,281996.00,Computing
P973490,Samsung_55KU7000,7307942.00,4896302.00,Entertainment
P974203,liberty_9780330545181,34510.00,24476.00,Books
P974285,J&J_JJNR5,23142.00,17110.00,"Kids & Baby"
P974370,"samsung_Samsung Galaxy J7 PRIME 2016-Black",1972000.00,1360680.00,"Mobiles & Tablets"
P974929,"Life source_LS-3002 DBS",39150.00,26216.00,Others
P975215,"Baklawa_Baklava Sugar Free-1Kg",69600.00,45240.00,Soghaat
P975815,ALK_FC-15-17-A131140056,493000.00,330310.00,"Women Fashion"
P975975,edukaan_200983,32480.00,28536.00,"Kids & Baby"
P976431,"ChannelSpeakerSystem_HT31 2.1",526060.00,431346.00,Entertainment
P976467,IKEA_70272059,3944000.00,2445280.00,"Home & Living"
P976875,"un_Food Bundle_FB",23374.00,19836.00,Superstore
P977249,"GMZV_FIFA 17 XBOX ONE",406000.00,345100.00,Entertainment
P978198,akl_A131133509_MS-10_Black,100804.00,83636.00,"Women Fashion"
P978455,Philips_6540,432854.00,281300.00,"Beauty & Grooming"
P978512,AmanJee_PB003,2291000.00,1855710.00,"Women Fashion"
P978525,IKEA_40103751,591600.00,414120.00,"Home & Living"
P978942,tucano_BAGIO15-GT,287042.00,238206.00,Computing
P979100,"Lenovo_Lenovo Topload",97672.00,69310.00,Computing
P979271,"Samsung_Samsung Galaxy Camera GC100",1701720.00,1327330.00,Entertainment
P979363,tfs_MDC-77-43,86942.00,77372.00,"Men Fashion"
P979791,Zia_FM37,11020.00,7366.00,Books
P979948,"TKS_m967-9-12 Months",60842.00,51678.00,"Kids & Baby"
P980218,SNU_ay16e-2A-Black,217500.00,187050.00,"Women Fashion"
P980609,"On Call EZ-II Meter+50 Strips Combo Deal",87000.00,76560.00,"Health & Sports"
P981044,"lm_FORBES MONTHLY-Subscription",487200.00,389760.00,Others
P981094,liberty_9781447218890,46110.00,37758.00,Books
P981552,Dany51234689524378912346,4640.00,2958.00,Computing
P981842,BBS_M009,684980.00,417832.00,"Kids & Baby"
P982256,ld_fruit-STRAWBERRY,6960.00,4988.00,Others
P982606,Aladdin_12-Walker-W2607,25520.00,21170.00,"Kids & Baby"
P982769,"RS_Soan Papri-500gm",17400.00,14790.00,Soghaat
P982810,Cherrys_SK-628-M,348000.00,288840.00,"Men Fashion"
P983274,Omron_HEM-7120-E,279270.00,201028.00,"Health & Sports"
P983498,"dwm_City K2G271C3 Watch",2140200.00,1455336.00,"Men Fashion"
P983623,"shahi_Pack of 5 Shahi Nimco",24650.00,16762.00,Soghaat
P983676,"head_273305-UK 10",318942.00,210482.00,"Men Fashion"
P983797,"Fmate_Chicken Achari (Boneless)",17922.00,14152.00,Superstore
P983901,"BB_Poly Beans For Beanbag Refill - 3 Kg",87000.00,60900.00,"Home & Living"
P983938,"MORG_GCS 13",429200.00,257520.00,"Health & Sports"
P984088,"tr_Good Day (Vitality) Gift Set 440 gm 3 units",986000.00,670480.00,Soghaat
P984161,"Lenovo Zuk",1971942.00,1281742.00,"Mobiles & Tablets"
P984290,"Apple iPhone 6S Plus 128GB",7046942.00,4791902.00,"Mobiles & Tablets"
P984334,"rub_Rubian_Ultra-Slim Bluetooth Keyboard",104342.00,71978.00,Computing
P984532,yamaha_EF12000E,27782000.00,16947020.00,Appliances
P984617,RBT_RB-006,174000.00,154860.00,"Home & Living"
P984910,"edukaan_7003-A4 - 300 Pages",17400.00,14268.00,"School & Education"
P985208,"Apple iPhone 6 (16GB) Gold",3430758.00,2298598.00,"Mobiles & Tablets"
P985412,Paramount_9694944180,2900.00,2088.00,Books
P985474,"RMSON_TM1274 LW BK",710500.00,525770.00,"Women Fashion"
P985524,"sg_Combo BF-07",62350.00,47966.00,"Beauty & Grooming"
P985635,BP_GS36200-22,75342.00,54984.00,"Kids & Baby"
P985656,coleman_3000000157,203000.00,162400.00,"Home & Living"
P985716,"RB_Harpic Loot Sale-bf",58000.00,35960.00,Superstore
P985828,UnzeLondon_GS4666-9,202855.00,172376.00,"Men Fashion"
P986099,Tmall_SpyPen_8GB,110142.00,67164.00,"School & Education"
P986337,HP_15AY-15-Ay105NE-ci5,3172020.00,1934880.00,Computing
P986679,"shoppers stop_MagicGlass-3",21170.00,18386.00,Others
P986717,"vers_Elmore Skincare Basket",72500.00,49996.00,"Beauty & Grooming"
P987096,HOS-m_DUNREDM100,208800.00,139896.00,"Beauty & Grooming"
P987392,"mitsubhisi_1.0 Ton - SRK-13CMK",2622470.00,2229056.00,Appliances
P987831,Lacie_STET2000400-2TB,545200.00,490680.00,Computing
P988211,"Fidato Ankle High Boot 309-872-41",435000.00,287100.00,"Men Fashion"
P989166,"vitamin_265 ",45936.00,36250.00,Others
P989204,"aw_CRC Silicone SPRAY (BEST FOR LUBRICATING THREAD MILL BELT)-20",29000.00,25230.00,Others
P989217,"Logitech_910-004521 ",165880.00,109446.00,Computing
P989342,AYS_SA-250,1084600.00,954448.00,Appliances
P989513,AmanJee_PB011,1392000.00,1044000.00,"Women Fashion"
P989661,Liberty_9780099549482,40310.00,33408.00,Books
P989804,TBG_AV-B-08-Multi,234900.00,169128.00,"Women Fashion"
P989867,Prime_MMJ-KHAKI-M,173942.00,109562.00,"Men Fashion"
P990333,edukaan_200797,45240.00,34800.00,"Kids & Baby"
P990389,TCM_Model-TB13-335x190x130mm,56550.00,38454.00,"Home & Living"
P990495,fitn_834266001606,232000.00,204160.00,"Health & Sports"
P990886,"vitamin_Ultra Whey Protein",87000.00,77430.00,"Health & Sports"
P991363,kke_SCF69327,144130.00,125338.00,"Kids & Baby"
P991559,Lenovo_v310-310-ci3,2144840.00,1351226.00,Computing
P992760,"R&I_Split AC - Crystal Series 18000BTU",2720200.00,2284968.00,Appliances
P993131,"UNEL_Orie nt 32 Inch L-4132/4143",1176878.00,800226.00,Entertainment
P993153,"vitamin_Royal Jelly 500",32480.00,25636.00,"Health & Sports"
P993271,"cr_ALMOND PLAIN-200 GM",23200.00,18560.00,Soghaat
P993366,"texi tech_Cooling Pad 700467",69542.00,55622.00,Computing
P993535,"OKM_GL-195 LAMBS S/L-BLUE-42",112810.00,78938.00,"Men Fashion"
P994010,starlet_A208-18J-Black-44,384192.00,280430.00,"Men Fashion"
P994608,Philips_HP8117,145116.00,111708.00,"Beauty & Grooming"
P994881,Payer_Payer-Shaver,77430.00,48778.00,Others
P995492,"vitamin_Dark Circles",32016.00,23026.00,"Beauty & Grooming"
P995838,Teenz_R-0124,150800.00,105560.00,"Women Fashion"
P996048,Trendz_TR-0020,53360.00,46922.00,"Kids & Baby"
P996217,"BO_All-In-One Manicure Set",20300.00,15602.00,"Beauty & Grooming"
P996314,RAJESH_TE327SP1INSPKNAFAMZ,296960.00,231594.00,"Health & Sports"
P996588,alrafa_mabroom-Dates-400g,46690.00,29406.00,Soghaat
P996636,"RS_Double Delight",22040.00,19372.00,Soghaat
P996724,HOS-m_GACM75,417600.00,283968.00,"Beauty & Grooming"
P996730,GA_EA-18-144980,434420.00,317086.00,"Women Fashion"
P996823,"sanasafinaz_march16_4A-Nationwide Delivery",271614.00,217268.00,"Women Fashion"
P997381,Paramount_9781107614505,59334.00,50982.00,"School & Education"
P997684,Campingaz_2000024957,1102000.00,848540.00,"Home & Living"
P997731,"GA_SARANG T-200 - 114654",87000.00,53070.00,"Home & Living"
P997843,"Ricoh_Monochrome Printer-SP 212w",531280.00,371896.00,Computing
P998024,"FHM_Mild LCD",852600.00,571242.00,"Home & Living"
P998410,"Kingston_Kingstondtse9 - 16 Gb - Silver",57884.00,46284.00,Others
P998662,hop_ANKF010,281300.00,174406.00,"Beauty & Grooming"
P998934,Audionic_B-334,94830.00,56898.00,Computing
P999157,fitn_748927028614,232000.00,187920.00,"Health & Sports"
P999277,"ww_WAK-1-Orgional Wood Colour",87000.00,75690.00,"Home & Living"
P999338,Paramount_9789812808127,54810.00,34510.00,"School & Education"
P999409,Samsung_55inchesKS8500,16819942.00,10932942.00,Entertainment
P999871,"lalqila_Shahi Nihari-850gm",46400.00,38512.00,Superstore
